-- MySQL dump 10.13  Distrib 8.4.5, for macos15 (arm64)
--
-- Host: localhost    Database: routing
-- ------------------------------------------------------
-- Server version	8.4.5

/*!40101 SET @OLD_CHARACTER_SET_CLIENT=@@CHARACTER_SET_CLIENT */;
/*!40101 SET @OLD_CHARACTER_SET_RESULTS=@@CHARACTER_SET_RESULTS */;
/*!40101 SET @OLD_COLLATION_CONNECTION=@@COLLATION_CONNECTION */;
/*!50503 SET NAMES utf8mb4 */;
/*!40103 SET @OLD_TIME_ZONE=@@TIME_ZONE */;
/*!40103 SET TIME_ZONE='+00:00' */;
/*!40014 SET @OLD_UNIQUE_CHECKS=@@UNIQUE_CHECKS, UNIQUE_CHECKS=0 */;
/*!40014 SET @OLD_FOREIGN_KEY_CHECKS=@@FOREIGN_KEY_CHECKS, FOREIGN_KEY_CHECKS=0 */;
/*!40101 SET @OLD_SQL_MODE=@@SQL_MODE, SQL_MODE='NO_AUTO_VALUE_ON_ZERO' */;
/*!40111 SET @OLD_SQL_NOTES=@@SQL_NOTES, SQL_NOTES=0 */;

--
-- Table structure for table `assign`
--

DROP TABLE IF EXISTS `assign`;
/*!40101 SET @saved_cs_client     = @@character_set_client */;
/*!50503 SET character_set_client = utf8mb4 */;
CREATE TABLE `assign` (
  `id` bigint unsigned NOT NULL AUTO_INCREMENT COMMENT 'id',
  `vehicle_id` bigint NOT NULL COMMENT '车辆id',
  `driver_id` bigint NOT NULL COMMENT '司机id',
  `order_detail_id` bigint NOT NULL COMMENT '订单id',
  PRIMARY KEY (`id`)
) ENGINE=InnoDB AUTO_INCREMENT=11 DEFAULT CHARSET=utf8mb4 COLLATE=utf8mb4_unicode_ci;
/*!40101 SET character_set_client = @saved_cs_client */;

--
-- Dumping data for table `assign`
--

LOCK TABLES `assign` WRITE;
/*!40000 ALTER TABLE `assign` DISABLE KEYS */;
INSERT INTO `assign` VALUES (1,6,3,1),(2,1,8,11),(3,2,10,3),(4,5,9,88),(5,2,7,5),(6,4,3,87),(7,4,8,87),(8,7,3,8),(9,6,1,9),(10,5,8,88);
/*!40000 ALTER TABLE `assign` ENABLE KEYS */;
UNLOCK TABLES;

--
-- Table structure for table `cargo`
--

DROP TABLE IF EXISTS `cargo`;
/*!40101 SET @saved_cs_client     = @@character_set_client */;
/*!50503 SET character_set_client = utf8mb4 */;
CREATE TABLE `cargo` (
  `id` bigint unsigned NOT NULL AUTO_INCREMENT COMMENT 'id',
  `name` varchar(255) CHARACTER SET utf8mb4 COLLATE utf8mb4_unicode_ci DEFAULT NULL COMMENT '货物名称',
  `type` int DEFAULT NULL COMMENT '打包类型 1:一箱 2:一捆 3:一袋 4:一桶',
  PRIMARY KEY (`id`)
) ENGINE=InnoDB AUTO_INCREMENT=16 DEFAULT CHARSET=utf8mb4 COLLATE=utf8mb4_unicode_ci;
/*!40101 SET character_set_client = @saved_cs_client */;

--
-- Dumping data for table `cargo`
--

LOCK TABLES `cargo` WRITE;
/*!40000 ALTER TABLE `cargo` DISABLE KEYS */;
INSERT INTO `cargo` VALUES (1,'生鲜水果-1',4),(2,'电子产品-2',1),(3,'服装-3',5),(4,'生鲜水果-4',1),(5,'日用品-5',4),(6,'建筑材料-6',1),(7,'服装-7',5),(8,'建筑材料-8',5),(9,'电子产品-9',4),(10,'生鲜水果-10',3),(11,'建筑材料-11',4),(12,'生鲜水果-12',1),(13,'生鲜水果-13',1),(14,'生鲜水果-14',4),(15,'建筑材料-15',4);
/*!40000 ALTER TABLE `cargo` ENABLE KEYS */;
UNLOCK TABLES;

--
-- Table structure for table `category`
--

DROP TABLE IF EXISTS `category`;
/*!40101 SET @saved_cs_client     = @@character_set_client */;
/*!50503 SET character_set_client = utf8mb4 */;
CREATE TABLE `category` (
  `id` bigint unsigned NOT NULL AUTO_INCREMENT COMMENT 'id',
  `weight` double DEFAULT NULL COMMENT '车辆自重 单位：kg',
  `brand` varchar(32) CHARACTER SET utf8mb4 COLLATE utf8mb4_unicode_ci DEFAULT NULL COMMENT '品牌',
  `length` double DEFAULT NULL COMMENT '长度 单位：米',
  `width` double DEFAULT NULL COMMENT '宽度 单位：米',
  `height` double DEFAULT NULL COMMENT '高度 单位：米',
  `capacity` double DEFAULT NULL COMMENT '最大承载量 单位：kg',
  `type` int DEFAULT NULL COMMENT '车辆类型 1平板车 2高护栏 3全封闭',
  `scope` int DEFAULT NULL COMMENT '使用范围 1普通运输车辆 2恒温或保温车辆 3危险品车辆 4特种车 5监管车',
  PRIMARY KEY (`id`)
) ENGINE=InnoDB AUTO_INCREMENT=6 DEFAULT CHARSET=utf8mb4 COLLATE=utf8mb4_unicode_ci;
/*!40101 SET character_set_client = @saved_cs_client */;

--
-- Dumping data for table `category`
--

LOCK TABLES `category` WRITE;
/*!40000 ALTER TABLE `category` DISABLE KEYS */;
INSERT INTO `category` VALUES (1,89.23,'品牌A',4.88,1.85,1.88,6.82,1,1),(2,17.07,'品牌B',4.88,1.75,1.88,9.21,2,1),(3,177.95,'品牌B',3.31,1.37,0.99,8.43,2,1),(4,479.13,'品牌C',4.88,1.92,2.06,5.86,1,2),(5,467.69,'品牌B',4.86,1.92,2.29,1.97,1,1);
/*!40000 ALTER TABLE `category` ENABLE KEYS */;
UNLOCK TABLES;

--
-- Table structure for table `content_cargo`
--

DROP TABLE IF EXISTS `content_cargo`;
/*!40101 SET @saved_cs_client     = @@character_set_client */;
/*!50503 SET character_set_client = utf8mb4 */;
CREATE TABLE `content_cargo` (
  `id` bigint unsigned NOT NULL AUTO_INCREMENT,
  `transport_order_id` bigint unsigned DEFAULT NULL,
  `cargo_id` bigint unsigned DEFAULT NULL,
  `quantity` int DEFAULT NULL,
  `create_time` datetime DEFAULT NULL,
  PRIMARY KEY (`id`)
) ENGINE=InnoDB AUTO_INCREMENT=39 DEFAULT CHARSET=utf8mb4 COLLATE=utf8mb4_unicode_ci COMMENT='用来存放某一个任务里面具体的货物数量有哪些';
/*!40101 SET character_set_client = @saved_cs_client */;

--
-- Dumping data for table `content_cargo`
--

LOCK TABLES `content_cargo` WRITE;
/*!40000 ALTER TABLE `content_cargo` DISABLE KEYS */;
INSERT INTO `content_cargo` VALUES (1,11,3,8,'2025-11-11 15:36:38'),(2,12,3,15,'2025-11-11 15:36:58'),(3,13,1,11,'2025-11-11 15:37:18'),(4,14,10,8,'2025-11-11 15:49:46'),(5,15,7,8,'2025-11-11 16:00:17'),(6,16,8,13,'2025-11-11 16:00:57'),(7,17,7,14,'2025-11-11 16:01:37'),(8,18,12,14,'2025-11-11 16:02:24'),(9,19,15,13,'2025-11-11 16:02:54'),(10,20,15,10,'2025-11-11 16:03:04'),(11,21,3,14,'2025-11-11 16:03:54'),(12,22,11,14,'2025-11-11 16:04:14'),(13,23,5,11,'2025-11-11 16:04:24'),(14,24,3,10,'2025-11-11 16:05:04'),(15,25,1,9,'2025-11-11 16:05:44'),(16,26,14,7,'2025-11-11 16:05:54'),(17,27,6,12,'2025-11-11 16:06:04'),(18,28,5,12,'2025-11-11 16:06:24'),(19,29,7,14,'2025-11-11 16:06:34'),(20,30,10,14,'2025-11-11 16:06:54'),(21,31,7,11,'2025-11-11 16:07:24'),(22,32,10,6,'2025-11-11 17:39:07'),(23,33,8,10,'2025-11-11 17:39:27'),(24,34,10,10,'2025-11-11 17:41:50'),(25,35,14,8,'2025-11-11 17:51:13'),(26,36,12,14,'2025-11-11 17:58:43'),(27,37,8,7,'2025-11-12 15:36:07'),(28,38,10,15,'2025-11-12 15:36:47'),(29,39,10,6,'2025-11-12 15:36:57'),(30,40,7,13,'2025-11-12 15:37:17'),(31,41,3,13,'2025-11-12 15:37:57'),(32,43,9,14,'2025-11-12 15:43:45'),(33,44,10,15,'2025-11-12 15:45:08'),(34,45,15,14,'2025-11-12 15:45:18'),(35,46,8,14,'2025-11-13 09:25:32'),(36,47,14,11,'2025-11-13 09:25:42'),(37,48,8,14,'2025-11-13 09:26:42'),(38,49,7,13,'2025-11-13 09:27:12');
/*!40000 ALTER TABLE `content_cargo` ENABLE KEYS */;
UNLOCK TABLES;

--
-- Table structure for table `driver`
--

DROP TABLE IF EXISTS `driver`;
/*!40101 SET @saved_cs_client     = @@character_set_client */;
/*!50503 SET character_set_client = utf8mb4 */;
CREATE TABLE `driver` (
  `id` bigint unsigned NOT NULL AUTO_INCREMENT COMMENT 'id',
  `name` varchar(32) CHARACTER SET utf8mb4 COLLATE utf8mb4_unicode_ci DEFAULT NULL COMMENT '司机姓名',
  `status` int DEFAULT NULL COMMENT '状态 1可用 2任务中 3休假中',
  `type` int DEFAULT NULL COMMENT '驾照类型 1:A1 2:A2 3:A3 4:B1 5:B2 6:C1',
  PRIMARY KEY (`id`)
) ENGINE=InnoDB AUTO_INCREMENT=11 DEFAULT CHARSET=utf8mb4 COLLATE=utf8mb4_unicode_ci;
/*!40101 SET character_set_client = @saved_cs_client */;

--
-- Dumping data for table `driver`
--

LOCK TABLES `driver` WRITE;
/*!40000 ALTER TABLE `driver` DISABLE KEYS */;
INSERT INTO `driver` VALUES (1,'刘芳',0,2),(2,'李伟',1,1),(3,'王娜',0,1),(4,'张娜',0,1),(5,'王芳',0,1),(6,'赵强',0,2),(7,'张磊',0,2),(8,'陈伟',0,2),(9,'刘芳',0,2),(10,'张娜',0,2);
/*!40000 ALTER TABLE `driver` ENABLE KEYS */;
UNLOCK TABLES;

--
-- Table structure for table `order_detail`
--

DROP TABLE IF EXISTS `order_detail`;
/*!40101 SET @saved_cs_client     = @@character_set_client */;
/*!50503 SET character_set_client = utf8mb4 */;
CREATE TABLE `order_detail` (
  `id` bigint unsigned NOT NULL AUTO_INCREMENT COMMENT 'id',
  `transport_order_id` bigint NOT NULL COMMENT '订单id',
  `cargo_id` bigint NOT NULL COMMENT '货物id',
  `quantity` int DEFAULT NULL COMMENT '货物数量',
  `status` int DEFAULT NULL,
  `vechile_id` int DEFAULT NULL,
  PRIMARY KEY (`id`)
) ENGINE=InnoDB AUTO_INCREMENT=120 DEFAULT CHARSET=utf8mb4 COLLATE=utf8mb4_unicode_ci;
/*!40101 SET character_set_client = @saved_cs_client */;

--
-- Dumping data for table `order_detail`
--

LOCK TABLES `order_detail` WRITE;
/*!40000 ALTER TABLE `order_detail` DISABLE KEYS */;
INSERT INTO `order_detail` VALUES (87,36,12,9,2,NULL),(88,36,12,4,2,NULL),(89,36,12,1,1,NULL),(90,37,8,4,1,NULL),(91,37,8,3,1,NULL),(92,38,10,9,1,NULL),(93,38,10,4,1,NULL),(94,38,10,2,1,NULL),(95,39,10,4,1,NULL),(96,39,10,2,1,NULL),(97,40,7,9,1,NULL),(98,40,7,4,1,NULL),(99,41,3,9,1,NULL),(100,41,3,4,1,NULL),(101,43,9,9,1,NULL),(102,43,9,4,1,NULL),(103,43,9,1,1,NULL),(104,44,10,9,1,NULL),(105,44,10,4,1,NULL),(106,44,10,2,1,NULL),(107,45,15,9,1,NULL),(108,45,15,4,1,NULL),(109,45,15,1,1,NULL),(110,46,8,9,1,NULL),(111,46,8,4,1,NULL),(112,46,8,1,1,NULL),(113,47,14,9,1,NULL),(114,47,14,2,1,NULL),(115,48,8,9,1,NULL),(116,48,8,4,1,NULL),(117,48,8,1,1,NULL),(118,49,7,9,1,NULL),(119,49,7,4,1,NULL);
/*!40000 ALTER TABLE `order_detail` ENABLE KEYS */;
UNLOCK TABLES;

--
-- Table structure for table `order_route`
--

DROP TABLE IF EXISTS `order_route`;
/*!40101 SET @saved_cs_client     = @@character_set_client */;
/*!50503 SET character_set_client = utf8mb4 */;
CREATE TABLE `order_route` (
  `id` bigint unsigned NOT NULL AUTO_INCREMENT COMMENT 'id',
  `transport_order_id` bigint NOT NULL COMMENT '订单id',
  `route_id` bigint NOT NULL COMMENT '基础路线id',
  `sequence` int DEFAULT NULL COMMENT '顺序号，从1开始',
  `status` int DEFAULT NULL COMMENT '运输状态 1:未开始 2:运输中 3:已完成 4:异常',
  PRIMARY KEY (`id`)
) ENGINE=InnoDB AUTO_INCREMENT=29 DEFAULT CHARSET=utf8mb4 COLLATE=utf8mb4_unicode_ci;
/*!40101 SET character_set_client = @saved_cs_client */;

--
-- Dumping data for table `order_route`
--

LOCK TABLES `order_route` WRITE;
/*!40000 ALTER TABLE `order_route` DISABLE KEYS */;
INSERT INTO `order_route` VALUES (1,1,27,1,0),(2,1,9,2,0),(3,1,1,3,1),(4,1,7,4,0),(5,2,18,1,1),(6,2,22,2,0),(7,3,11,1,1),(8,3,17,2,0),(9,3,19,3,1),(10,4,28,1,0),(11,4,13,2,1),(12,5,12,1,1),(13,5,28,2,0),(14,6,29,1,1),(15,6,4,2,0),(16,7,5,1,0),(17,7,24,2,1),(18,8,8,1,1),(19,8,14,2,0),(20,8,27,3,1),(21,8,30,4,1),(22,9,30,1,0),(23,9,8,2,1),(24,9,28,3,0),(25,10,1,1,0),(26,10,21,2,1),(27,10,14,3,1),(28,10,8,4,1);
/*!40000 ALTER TABLE `order_route` ENABLE KEYS */;
UNLOCK TABLES;

--
-- Table structure for table `poi`
--

DROP TABLE IF EXISTS `poi`;
/*!40101 SET @saved_cs_client     = @@character_set_client */;
/*!50503 SET character_set_client = utf8mb4 */;
CREATE TABLE `poi` (
  `id` bigint unsigned NOT NULL AUTO_INCREMENT COMMENT 'id',
  `name` varchar(255) CHARACTER SET utf8mb4 COLLATE utf8mb4_unicode_ci DEFAULT NULL COMMENT 'poi名称',
  `lon` double DEFAULT NULL COMMENT '经度',
  `lat` double DEFAULT NULL COMMENT '纬度',
  `type` int DEFAULT NULL COMMENT '类型 1:加油站 2:保养点',
  `status` int DEFAULT NULL COMMENT '1:工作中 2:歇业中',
  PRIMARY KEY (`id`)
) ENGINE=InnoDB AUTO_INCREMENT=1147 DEFAULT CHARSET=utf8mb4 COLLATE=utf8mb4_unicode_ci;
/*!40101 SET character_set_client = @saved_cs_client */;

--
-- Dumping data for table `poi`
--

LOCK TABLES `poi` WRITE;
/*!40000 ALTER TABLE `poi` DISABLE KEYS */;
INSERT INTO `poi` VALUES (1,'中国石油中和加油站',104.091008,30.561087,1,NULL),(2,'延长壳牌盛锦三街加油站',104.0354,30.563117,1,NULL),(3,'成都通能盛锦CNG加气站',104.035513,30.56348,2,NULL),(4,'中国石油麻柳湾加油站',104.087907,30.596824,1,NULL),(5,'中国石油元华加油站',104.050117,30.601513,1,NULL),(6,'延长壳牌加油站(成都高新益新大道站)',104.033537,30.587778,1,NULL),(7,'延长壳牌拓新西二街加油站',104.053281,30.542733,1,NULL),(8,'中国石油油料中和加油站(红星路南延线)',104.088515,30.547206,1,NULL),(9,'中国石化加油站',104.026775,30.567829,1,NULL),(10,'长城加油站',104.026451,30.580316,1,NULL),(11,'桂溪南站加油站',104.060099,30.608153,1,NULL),(12,'成都高新区兴达加油站',104.030415,30.5908,1,NULL),(13,'延长壳牌加油站(锦华路站)',104.097729,30.597947,1,NULL),(14,'中国石化金晖加油站',104.098723,30.598139,1,NULL),(15,'中国石化棬子树加油加气站',104.102801,30.594122,3,NULL),(16,'延长壳牌大源组团二加油站',104.034767,30.544123,1,NULL),(17,'中国石油棕树加油站(长寿路)',104.076729,30.611847,1,NULL),(18,'延长壳牌加油站(成都市高新区成都高新中和站)',104.097542,30.542025,1,NULL),(19,'中国石油成双加油站',104.018722,30.575009,1,NULL),(20,'中国石油剑南加油站',104.047121,30.534593,1,NULL),(21,'延长壳牌加油站(成新站)',104.034885,30.608623,1,NULL),(22,'桂溪加油站',104.077479,30.618361,1,NULL),(23,'道森能源长风加油站',104.02022,30.550826,1,NULL),(24,'延长壳牌高新大道加油站',104.041715,30.617425,1,NULL),(25,'中国石油高新天山加油站',104.054007,30.622034,1,NULL),(26,'中国石化高新A加油站',104.027133,30.608959,1,NULL),(27,'中国石化高新B加油站',104.025772,30.608241,1,NULL),(28,'中国石油娇子三环(外侧)加油站',104.123477,30.597027,1,NULL),(29,'道森能源华府加油站',104.032564,30.524427,1,NULL),(30,'中国国际能源成都蓉电加油站',104.098661,30.622705,1,NULL),(31,'成通石化高新成通加油站(天府大道南段辅路)',104.070777,30.515983,1,NULL),(32,'中国石油成都交投娇子内侧加油站',104.122029,30.598541,1,NULL),(33,'延长壳牌加油站(成都市武侯区文昌路站)',104.002402,30.585042,1,NULL),(34,'永丰加油站(芳草街)',104.049914,30.630056,1,NULL),(35,'中国石化加油站(二环路东五段)',104.095821,30.622291,1,NULL),(36,'成都交投成都通能CNG娇子立交外侧加气站',104.123241,30.596946,3,NULL),(37,'延长壳牌加油站(二环路东五段站)',104.098629,30.624581,1,NULL),(38,'中国石油城南加油站',104.074234,30.633369,1,NULL),(39,'中国石油花果加油站',104.113081,30.614902,1,NULL),(40,'中国石油高新加油站(二环路南四段)',104.039716,30.628927,1,NULL),(41,'中国石油望江加油站',104.097513,30.627411,1,NULL),(42,'中国石油白家加油站',104.002017,30.545857,1,NULL),(43,'延长石油直供新港加油站',104.123825,30.537822,1,NULL),(44,'中国石油宝马加油站',104.04123,30.51172,1,NULL),(45,'中国石化华兴加油站',104.069408,30.506408,1,NULL),(46,'延长壳牌加油站(锦江莲花站)',104.101731,30.628992,1,NULL),(47,'中国石油海地通加油站',104.112582,30.620082,1,NULL),(48,'簇锦石油加油站',104.004093,30.606909,1,NULL),(49,'中国石化三圣加油站',104.11955,30.620637,1,NULL),(50,'中国石油新川加油站',104.110685,30.518884,1,NULL),(51,'中国石油簇桥加油站',104.003035,30.606014,1,NULL),(52,'延长壳牌粉房堰加油站',104.143565,30.59597,1,NULL),(53,'延长壳牌百日红加油站',104.138522,30.605988,1,NULL),(54,'益民CNG加气站',103.986903,30.598702,2,NULL),(55,'中国石油新苗加油站',103.987418,30.597143,1,NULL),(56,'中国石化红牌楼加油站',104.027796,30.638914,1,NULL),(57,'中国石油加油站',104.038765,30.641394,1,NULL),(58,'中国石油望锦加油站',103.988027,30.598589,1,NULL),(59,'中国石油海昌加油站',104.082836,30.498437,1,NULL),(60,'中国石油武侯加油站',104.040921,30.645257,1,NULL),(61,'中国石油红砂南加油站',104.154951,30.579773,1,NULL),(62,'中国石油泰祥加油站',104.021809,30.640454,1,NULL),(63,'中国石油大件路加油站',103.976409,30.560807,1,NULL),(64,'中国石油双流川齿加油站',103.980181,30.546872,1,NULL),(65,'中国石油华阳加油站(二江路一段)',104.061277,30.493601,1,NULL),(66,'中国石油双楠加油站',104.021387,30.641097,1,NULL),(67,'文星城南加油站',103.987757,30.527617,1,NULL),(68,'中国石油成都龙泉加油站',104.153891,30.606521,1,NULL),(69,'中国石油八一加油站',103.978404,30.602599,1,NULL),(70,'中国石油西一加油站',104.022728,30.646253,1,NULL),(71,'中国石化建业加油加气站',103.979415,30.609367,3,NULL),(72,'交通油料加油站',104.129763,30.636004,1,NULL),(73,'中国石油二江寺天山加油站',104.067235,30.489142,1,NULL),(74,'中国石油蜀欣加油站',104.130542,30.636122,1,NULL),(75,'中国石化清水河加油站',104.030285,30.6506,1,NULL),(76,'中国石油铁佛加油站',103.985962,30.62054,1,NULL),(77,'道森能源雅华加油站',104.15761,30.605577,1,NULL),(78,'中国石化西区加油站',103.984762,30.621675,1,NULL),(79,'中国石油保和加油站(保和站)',104.132551,30.637179,1,NULL),(80,'杜甫加油站',104.021514,30.649861,1,NULL),(81,'中国石油机场加油站',103.966139,30.571775,1,NULL),(82,'中国航油空港加油站(三站)',103.965913,30.570837,1,NULL),(83,'中国石化柳树加油站',104.162846,30.600428,1,NULL),(84,'中国石油水碾河加油站',104.099241,30.655945,1,NULL),(85,'中国石化奔宏加油站',104.023949,30.651864,1,NULL),(86,'中国石化蓉武加油站',103.970675,30.603932,1,NULL),(87,'中国石化加油站',104.147719,30.63485,1,NULL),(88,'沙湾加油站',104.046759,30.694685,1,NULL),(89,'公兴石油加油站',103.99125,30.482232,1,NULL),(90,'中国石油乐园加油站',103.99161,30.638343,1,NULL),(91,'延长壳牌成都市成华区二环路金美加油站',104.114466,30.659312,1,NULL),(92,'虎威石油加油站',103.97769,30.644079,1,NULL),(93,'中国石化双流区龙桥加油加气站',103.941272,30.60449,3,NULL),(94,'中国石油龙宏加油站(成龙大道)',104.186931,30.568131,1,NULL),(95,'成通石化加油站(万安店)',104.098716,30.483318,1,NULL),(96,'中国石化龙泉加油站',104.183904,30.586276,1,NULL),(97,'中国石化三洞桥加油站',104.048668,30.674254,1,NULL),(98,'中国石油鹤林加油站',104.030571,30.477376,1,NULL),(99,'中国石油保和内侧加油站',104.148197,30.629248,1,NULL),(100,'延长石油直供加油站(双凤站)',103.968424,30.61511,1,NULL),(101,'延长壳牌加油站(成都市龙泉驿区老成渝路站)',104.216302,30.57476,1,NULL),(102,'道森能源热华加油站',104.131537,30.66062,1,NULL),(103,'中国石油保和外侧加油站',104.15132,30.630158,1,NULL),(104,'中国石油公兴加油站',103.978043,30.481219,1,NULL),(105,'府青路加油站',104.098634,30.681953,1,NULL),(106,'中国石油青羊加油站',104.037547,30.667843,1,NULL),(107,'中国石油万年加油站',104.119124,30.655334,1,NULL),(108,'中国航油空港一站机场加油站',103.96003,30.568599,1,NULL),(109,'中国石油果堰加油站',103.987883,30.643888,1,NULL),(110,'中国石油芙蓉城北加油站',104.088857,30.680308,1,NULL),(111,'正兴石油加油站(双流区正兴镇人民政府东北)',104.04604,30.447627,1,NULL),(112,'道森能源绿色加油站',103.922657,30.580958,1,NULL),(113,'中国石油金江加油站',103.928615,30.602051,1,NULL),(114,'中国石油新兴工业园加油站',104.180582,30.533359,1,NULL),(115,'中国石油万里加油站',104.120019,30.477167,1,NULL),(116,'中国石化蜀道能源成南加油站(A站)',104.169844,30.67026,1,NULL),(117,'中国石油蜀汉路加油站',104.019345,30.688782,1,NULL),(118,'中国石油蓉东加油站',104.170681,30.645309,1,NULL),(119,'中化石油成都晋阳加油站',103.995947,30.649741,1,NULL),(120,'延长壳牌加油站(青羊苏坡)',103.975933,30.674501,1,NULL),(121,'中国石油城东加油站',103.937523,30.582045,1,NULL),(122,'中国石化蓉新加油站',104.116747,30.677302,1,NULL),(123,'延长壳牌崔家店路加油站',104.137636,30.670126,1,NULL),(124,'八里庄加油站',104.10358,30.69504,1,NULL),(125,'中国石化建工加油站',104.032002,30.683982,1,NULL),(126,'中国石油白伦加油站',104.022039,30.665307,1,NULL),(127,'成都交投新能源新华市政加油站',104.129201,30.647999,1,NULL),(128,'中国石油成都东服务区加油站',104.205008,30.627882,1,NULL),(129,'天府石油桃蹊加油站',104.10661,30.680378,1,NULL),(130,'成都鲁能八里庄加气站',104.105529,30.681667,2,NULL),(131,'延长壳牌加油站(成都市龙泉驿区成都龙泉柏合站)',104.208186,30.509067,1,NULL),(132,'大面加油站',104.182901,30.588741,1,NULL),(133,'中国石化石佛加油站',103.932688,30.574589,1,NULL),(134,'中国石油长运司苏坡加油站',104.003853,30.665922,1,NULL),(135,'成都铁路加油站',104.066546,30.691113,1,NULL),(136,'中国石化城中加油站',103.931282,30.571124,1,NULL),(137,'中国石油成都光华加油站',103.988068,30.665457,1,NULL),(138,'中国航油双流世纪加油站',103.914386,30.591798,1,NULL),(139,'中国石油理工大学合作加油站',104.142427,30.6772,1,NULL),(140,'中国石油广都加油站',103.92189,30.550523,1,NULL),(141,'中国石化白果林加油站',104.032982,30.67371,1,NULL),(142,'道森能源凯天加油站',103.971039,30.683609,1,NULL),(143,'平德加油站',103.923428,30.621065,1,NULL),(144,'中国石化苏坡加油站',103.993145,30.679596,1,NULL),(145,'中国石油花龙门加油站',103.976715,30.658481,1,NULL),(146,'中国石油蜀道能源成都东服务区加油站',104.20634,30.628186,1,NULL),(147,'中国石油营门口加油站',104.037535,30.691325,1,NULL),(148,'成都通能保外加气站',104.151108,30.630234,3,NULL),(149,'中国石油羊西加油站',104.011012,30.696197,1,NULL),(150,'中国石油九里堤加油站',104.057421,30.691509,1,NULL),(151,'九江加油站',103.912906,30.614566,1,NULL),(152,'中国石油龙潭加油站',104.162545,30.691837,1,NULL),(153,'中国石油二仙桥加油站',104.13047,30.683206,1,NULL),(154,'中国石油浣花加油站',104.020975,30.673019,1,NULL),(155,'中国石化板桥加油加气站',103.908233,30.545276,3,NULL),(156,'中国石化花园加油站',104.132301,30.675734,1,NULL),(157,'中国石化成南加油站(B站)',104.169658,30.671357,1,NULL),(158,'中国石油摸底河内侧加油站',103.998736,30.685218,1,NULL),(159,'中国石油李家沱加油站',104.0931,30.685386,1,NULL),(160,'中国石油天投中油加油站(云龙站)',104.051163,30.437403,1,NULL),(161,'延长壳牌加油站(金府路站)',104.03446,30.710887,1,NULL),(162,'中国石油二环加油站',104.105868,30.681013,1,NULL),(163,'中国石油苏坡天山加油站',103.955442,30.679067,1,NULL),(164,'金苏加油站',103.976902,30.668236,1,NULL),(165,'中国石油龙泉长远加油站',104.247068,30.541349,1,NULL),(166,'聚财石油加油站',103.957096,30.638761,1,NULL),(167,'成都交投市政十陵加油站',104.168704,30.645348,1,NULL),(168,'中国石油保水加油站',104.103494,30.419864,1,NULL),(169,'中国石化华夏加油站',104.02264,30.704704,1,NULL),(170,'中国石化白沙加油站',104.151853,30.471464,1,NULL),(171,'中国石化双水加油站',104.085628,30.711137,1,NULL),(172,'新秦石油加油站',104.056459,30.41641,1,NULL),(173,'中国石油板桥加油站',103.906354,30.545598,1,NULL),(174,'成都交投华民市政加油站',104.098584,30.680363,1,NULL),(175,'延长壳牌加油站(成都市成华区昭觉寺路站)',104.104762,30.716206,1,NULL),(176,'中国石油双流胜利加油站',103.914,30.52545,1,NULL),(177,'中国石油五块石加油站',104.069716,30.702264,1,NULL),(178,'四川汉宏能源有限公司双流彭镇加油站',103.884081,30.582787,1,NULL),(179,'中国石油摸底河外侧加油站',103.997439,30.686567,1,NULL),(180,'中国石油川陕加油站',104.100991,30.717592,1,NULL),(181,'中国石油界牌加油站(南京路)',104.250255,30.564638,1,NULL),(182,'中国石化羊西北加油加气站',103.971397,30.733723,3,NULL),(183,'延长壳牌加油站(成都市温江区成都绕城高速公路西服务区内侧站)',103.935666,30.721464,1,NULL),(184,'中国石化启阳万安加油站',104.123852,30.477513,1,NULL),(185,'中国石油金牛坝加油站',104.011995,30.717859,1,NULL),(186,'中国石化郎家加油站',104.002334,30.6972,1,NULL),(187,'延长壳牌蜀西路加油站',103.985035,30.717185,1,NULL),(188,'泉水加油站(双九路)',103.907641,30.622874,1,NULL),(189,'中国石油八里庄加油站(圣合巷)',104.111092,30.685507,1,NULL),(190,'龙向石油加油站',104.157007,30.69333,1,NULL),(191,'中国石油平安加油站(二环路北四段)',104.095481,30.68952,1,NULL),(192,'中国石油龙泉西河加油站',104.22822,30.654032,1,NULL),(193,'中国石化龙潭加油站',104.166125,30.702466,1,NULL),(194,'中国石油宝塘加油站',104.094324,30.412116,1,NULL),(195,'中国石油金宏运加油加气站',104.012458,30.704507,3,NULL),(196,'永宏加油站',103.999822,30.706479,1,NULL),(197,'中国石油联工加油站',103.981523,30.687272,1,NULL),(198,'延长壳牌金泉路加油站',104.007442,30.725891,1,NULL),(199,'中国石油百花加油站',103.920283,30.675843,1,NULL),(200,'中国石油长久加油站',104.039353,30.709001,1,NULL),(201,'远星智慧工厂',103.490689,30.538191,4,NULL),(202,'香柏居家具工厂',103.568715,30.789458,4,NULL),(203,'中念家具工厂',103.636489,30.865657,5,NULL),(204,'建新佛灯油厂',103.662127,30.44142,4,NULL),(205,'金柏莱家居工厂',103.689851,30.594341,4,NULL),(206,'欣宇昇智能门窗工厂店',103.690785,30.600563,6,NULL),(207,'梵木定制工厂',103.698388,30.615546,4,NULL),(208,'丰修科技成都崇州维修工厂',103.715675,30.602875,7,NULL),(209,'有景全屋整装定制工厂',103.735494,30.521235,4,NULL),(210,'欣桭门窗工厂店',103.752663,30.636473,6,NULL),(211,'成都市美怡美居定制工厂',103.741319,30.510594,4,NULL),(212,'成都嘎嘎辣卤工厂',103.775509,30.66015,4,NULL),(213,'驿灵家居工厂',103.793319,30.551521,4,NULL),(214,'宏瑞世家全铝定制家具工厂',103.810333,30.565247,4,NULL),(215,'成都宫亿家居定制源头工厂',103.813275,30.576675,4,NULL),(216,'Model工厂',103.823521,30.588051,4,NULL),(217,'成都杉艺全屋定制工厂',103.904097,31.026165,6,NULL),(218,'爱尚多彩阳光工厂展厅',103.860341,30.579835,5,NULL),(219,'陇盛软装定制工厂',103.879794,30.627682,4,NULL),(220,'九洲昌隆高标准智能化农产品加工工厂',103.891323,30.612853,4,NULL),(221,'九洲昌隆高标准智能化农产品加工工厂',103.891323,30.612853,4,NULL),(222,'东旭光电工厂',103.93033,30.809186,4,NULL),(223,'四川斯卡丹窗饰工厂',103.951375,30.940575,4,NULL),(224,'断桥铝系统窗·工厂直营店',103.910267,30.636943,6,NULL),(225,'成都漆朵朵艺术漆工厂直购平台',103.93345,30.578698,6,NULL),(226,'达创雕塑工厂(泡沫雕塑·玻璃钢造型)',104.003425,31.009825,4,NULL),(227,'格创发泡陶瓷工厂',104.003475,31.009925,4,NULL),(228,'家旺和电动车工厂',103.971854,30.739132,4,NULL),(229,'莱米特高端定制工厂',104.000728,30.890441,4,NULL),(230,'安能智慧门窗工厂直营店',103.980136,30.713484,6,NULL),(231,'柯莱恩全屋定制工厂',104.013198,30.857837,4,NULL),(232,'圣象家居地板木门衣柜工厂销售中心',104.013556,30.851187,6,NULL),(233,'小天材成都家居工厂(武侯店)',103.976936,30.600422,6,NULL),(234,'卡乐洗鞋智能中央工厂',103.964082,30.482702,4,NULL),(235,'金柏莱全屋定制工厂',103.988761,30.629065,4,NULL),(236,'本色恩UT她香薰工厂',104.008008,30.704858,4,NULL),(237,'成都鑫希望小吃餐车定制工厂',104.034278,30.805985,4,NULL),(238,'米兰定制家具·定制家具源头工厂',104.036011,30.809527,4,NULL),(239,'椒豫留香调味工厂',104.028753,30.74922,4,NULL),(240,'全屋定制源头工厂',104.03638,30.794008,4,NULL),(241,'成都食膳汇食品工厂店',104.029697,30.742824,5,NULL),(242,'新岩素岩板定制工厂',104.082884,30.881058,4,NULL),(243,'成都易天梭软膜工厂',104.076365,30.82896,4,NULL),(244,'弘威电梯四川全球工厂店',104.032786,30.481378,8,NULL),(245,'布谷鸟木地板工厂',104.122787,30.83866,4,NULL),(246,'兰蓉坊萃甘肃味工厂',104.080245,30.478183,4,NULL),(247,'道聚汇婚礼工厂',104.146697,30.549408,4,NULL),(248,'成都海逸机电设备有限公司工厂',104.179004,30.544214,4,NULL),(249,'爱乐梦工厂',104.187864,30.582358,9,NULL),(250,'鸿涂广告字牌工厂',104.208935,30.706641,4,NULL),(251,'科菲诺门窗工厂直营店',104.252435,30.874185,6,NULL),(252,'磨石工厂运营中心',104.255194,30.836465,7,NULL),(253,'麦吉可供应链伊森诚品中央工厂优力城市共配中心',104.209873,30.528495,4,NULL),(254,'成都尚昇厨卫工厂',104.264228,30.848824,4,NULL),(255,'西河沙石工厂',104.239747,30.634824,4,NULL),(256,'兰博整体卫浴工厂',104.272807,30.784422,4,NULL),(257,'成都森派全屋定制工厂',104.280037,30.707111,8,NULL),(258,'鑫翊超全屋整装定制工厂',104.28136,30.707296,4,NULL),(259,'成都发电机工厂',104.309736,30.855225,4,NULL),(260,'金堂嘉禾门窗工厂直营店',104.426144,30.868057,6,NULL),(261,'建院油厂',104.514275,30.420525,4,NULL),(262,'美霖定制家具源头工厂',104.568318,30.350137,4,NULL),(263,'民净洗护工厂',104.579903,30.334367,4,NULL),(264,'雀康成都工厂',103.697929,30.600294,8,NULL),(265,'德贝希门窗工厂直营中心',103.519049,30.198595,6,NULL),(266,'台丰水漆工厂店',104.005987,30.608658,6,NULL),(267,'广州酷斑家居工厂总部',104.011617,30.858807,8,NULL),(268,'成都富瑞源家具工厂',103.810957,30.579447,4,NULL),(269,'鑫铂爵门窗工厂',103.904451,30.617313,6,NULL),(270,'四川锦华东电缆集团有限公司工厂',103.729104,30.503109,4,NULL),(271,'爱衣橱服饰工厂',104.065176,30.82506,4,NULL),(272,'创鑫展览展柜工厂',103.992267,30.804012,8,NULL),(273,'成都清凡卫浴有限公司(生产工厂)',104.379397,30.924701,4,NULL),(274,'农夫山泉都江堰青城山工厂',103.683843,31.022711,7,NULL),(275,'蓝喜衣柜智能灯光工厂',104.007309,30.874369,4,NULL),(276,'木源集地板工厂',103.930254,30.620416,4,NULL),(277,'金福莱门窗工厂直营新繁店',104.018333,30.872343,6,NULL),(278,'木语巢全屋定制家具工厂',104.034391,30.806239,4,NULL),(279,'佰斯帝门窗成华工厂店',104.092434,30.690796,6,NULL),(280,'柒色兰庭·佳华定型窗帘工厂',104.058014,30.793596,4,NULL),(281,'木语巢全屋定制家具工厂',104.034391,30.806239,4,NULL),(282,'佰斯帝门窗成华工厂店',104.092434,30.690796,6,NULL),(283,'柒色兰庭·佳华定型窗帘工厂',104.058014,30.793596,4,NULL),(284,'小吃车三轮餐车定制工厂',103.820265,30.667053,8,NULL),(285,'五七零一工厂',104.012498,30.605934,4,NULL),(286,'希望森兰新津工厂',103.90289,30.372955,4,NULL),(287,'安飞岛台岩板定制工厂',104.019586,30.840402,4,NULL),(288,'东方莱茵家居工厂',104.002139,30.88339,4,NULL),(289,'千紫门窗工厂直营店(恒大城店)',103.849387,30.680647,6,NULL),(290,'皇雅系统门窗.成都分工厂',103.90218,30.612936,4,NULL),(291,'源头工厂',103.976581,30.821676,4,NULL),(292,'佳德斯系统门窗加工厂',104.206098,30.868081,4,NULL),(293,'成都铁人雕塑标识工厂',103.984777,30.950615,4,NULL),(294,'成都智明达电子股份有限公司',103.958964,30.683903,8,NULL),(295,'蜂巢能源科技(成都)有限公司',104.443704,30.46867,4,NULL),(296,'汽修厂',103.651252,30.633025,10,NULL),(297,'津川汽修厂',103.799193,30.432832,11,NULL),(298,'郫都区安德东城汽修厂',103.787597,30.87668,11,NULL),(299,'津州汽修厂',103.844503,30.429478,10,NULL),(300,'城关汽修厂',103.664775,30.634061,11,NULL),(301,'定远汽修厂',103.517449,30.750211,10,NULL),(302,'温江诚新汽修厂',103.809618,30.64329,11,NULL),(303,'新津区津杨汽修厂',103.808967,30.424464,11,NULL),(304,'至信汽修厂',104.723547,30.631827,10,NULL),(305,'四达汽修厂',104.437764,30.8428,11,NULL),(306,'恒丰汽修厂',103.905649,30.725871,11,NULL),(307,'领豪汽修厂',104.023497,30.613048,10,NULL),(308,'都江堰市速达汽修厂',103.633565,30.983946,12,NULL),(309,'融创汽修厂',103.964683,30.530947,10,NULL),(310,'开祥汽修厂',103.964121,30.530313,10,NULL),(311,'锦华汽修厂',103.896004,30.81923,11,NULL),(312,'郫县维嘉汽修厂',103.788741,30.876192,11,NULL),(313,'新城汽修厂',104.11873,30.950618,11,NULL),(314,'智合泰汽修厂',104.558976,30.360042,10,NULL),(315,'欣洪发汽修厂',103.508621,30.581379,10,NULL),(316,'雄州三合汽修厂',104.538242,30.401241,10,NULL),(317,'长安汽修厂',104.324467,30.860504,10,NULL),(318,'文昌汽修厂',103.480417,30.403383,10,NULL),(319,'新津诚信汽修厂(迎宾大道店)',103.805061,30.418513,11,NULL),(320,'明乐汽修厂',103.884699,30.382323,10,NULL),(321,'三江汽修厂',104.426524,30.865524,11,NULL),(322,'三江汽修厂',103.241843,30.382036,10,NULL),(323,'崇州市崇阳顺风汽修厂',103.675047,30.644827,13,NULL),(324,'顺吉汽修厂',103.698867,30.403881,10,NULL),(325,'朗驰汽修厂',103.747973,30.776467,10,NULL),(326,'鑫怡汽修厂',103.773103,30.887545,10,NULL),(327,'顺发汽修厂',103.814076,30.573385,11,NULL),(328,'扬名汽修厂',104.270721,30.727167,10,NULL),(329,'百成汽修厂',104.396438,30.86444,10,NULL),(330,'郫都区顺捷汽修厂',103.933818,30.794119,10,NULL),(331,'温江阳光汽修厂',103.826363,30.705176,11,NULL),(332,'张强汽修厂',104.145895,30.803992,11,NULL),(333,'通达汽修厂',103.905927,31.001621,10,NULL),(334,'吉地汽修厂',103.705166,30.502535,10,NULL),(335,'大家汽修厂',103.483124,30.408632,10,NULL),(336,'胜利汽修厂',103.672358,30.733763,10,NULL),(337,'瑞平汽修厂',103.675798,30.644926,11,NULL),(338,'新都区繁新汽修厂',104.020269,30.862411,11,NULL),(339,'顺江汽修厂',103.799995,30.431975,11,NULL),(340,'博瑞汽修厂',103.939649,30.598421,11,NULL),(341,'瑞里汽修厂',103.647326,30.634531,11,NULL),(342,'隆翔汽修厂',103.539705,30.669685,11,NULL),(343,'万和汽修厂',103.861477,30.834091,11,NULL),(344,'兴洪汽修厂',103.655472,30.926633,10,NULL),(345,'申龙汽修厂',103.954218,31.001761,11,NULL),(346,'顺安达汽修厂',104.248361,30.55851,11,NULL),(347,'迎宾汽修厂',103.951308,30.959004,10,NULL),(348,'永泉汽修厂',103.832364,30.686677,11,NULL),(349,'兴盛汽修厂',104.430547,30.86028,11,NULL),(350,'合诚汽修厂',103.931326,30.566861,11,NULL),(351,'万和汽修厂',103.727948,30.582232,10,NULL),(352,'仁义汽修厂',103.835165,30.923936,10,NULL),(353,'祥和汽修厂',103.481573,30.408075,11,NULL),(354,'玉龙汽修厂',103.828952,30.937014,11,NULL),(355,'温江宏强汽修厂',103.797197,30.685648,11,NULL),(356,'升平汽修厂',103.676166,30.644081,11,NULL),(357,'新津鑫达汽修厂',103.80414,30.406649,11,NULL),(358,'自强汽修厂',104.089001,30.709711,11,NULL),(359,'东来龙汽修厂',104.336259,30.708874,11,NULL),(360,'港弘汽修厂',103.641805,30.254983,10,NULL),(361,'合信大众汽修厂',103.912863,30.799846,11,NULL),(362,'安仁永红汽修厂',103.638492,30.511742,11,NULL),(363,'新都区昌隆汽修厂',104.033064,30.802349,11,NULL),(364,'宏祥汽修厂',103.951789,30.998408,10,NULL),(365,'通和汽修厂',103.647975,30.634284,10,NULL),(366,'众诚汽修厂',103.676525,30.644125,11,NULL),(367,'宏光汽修厂',103.856636,30.448576,11,NULL),(368,'金东汽修厂',104.420667,30.843787,11,NULL),(369,'青白江区诚誉汽修厂',104.226159,30.884165,10,NULL),(370,'鸿强汽修厂',103.937062,31.002302,10,NULL),(371,'联众汽修厂',103.85857,30.832034,10,NULL),(372,'宏程汽修厂',103.527644,30.745834,10,NULL),(373,'建发汽修厂',104.246859,30.544385,11,NULL),(374,'远强汽修厂',103.518447,30.565027,11,NULL),(375,'王师汽修厂',103.808415,30.73782,11,NULL),(376,'周杰汽修厂',103.533525,30.735591,11,NULL),(377,'益华汽修厂',103.82961,30.703159,11,NULL),(378,'鹏程汽修厂',103.917855,30.979616,11,NULL),(379,'鹏城汽修厂',104.227705,30.884191,10,NULL),(380,'杰鑫汽修厂',103.523733,30.748946,11,NULL),(381,'顺吉汽修厂',103.67324,30.647509,10,NULL),(382,'万通汽修厂',103.52906,30.197144,11,NULL),(383,'永禾汽修厂',103.80261,30.430346,11,NULL),(384,'万里汽修厂',103.896338,30.819827,10,NULL),(385,'正发汽修厂',104.398238,30.863857,10,NULL),(386,'蓉通汽修厂',104.27642,30.577052,11,NULL),(387,'世豪汽修厂',103.672921,30.640607,11,NULL),(388,'路佳汽修厂',104.434874,30.847715,10,NULL),(389,'彭州市兴威汽修厂',103.933541,30.982489,11,NULL),(390,'华阳大众汽修厂',104.031438,30.523344,11,NULL),(391,'益祥汽修厂',103.803827,30.423947,11,NULL),(392,'顺达汽修厂',103.843859,30.771556,10,NULL),(393,'红马汽修厂',103.623374,30.924828,11,NULL),(394,'吉星汽修厂',103.757947,30.482661,11,NULL),(395,'郫都区力川汽修厂',103.900961,30.831154,11,NULL),(396,'双流顺通汽修厂',103.886975,30.568275,10,NULL),(397,'徐俊汽修厂',104.086847,30.657001,14,NULL),(398,'长河汽修厂',103.807036,30.743216,11,NULL),(399,'新津川新汽修厂',103.793051,30.415056,13,NULL),(400,'爱车汽修厂',104.5389,30.400929,10,NULL),(401,'精工汽修厂',104.119062,30.616765,11,NULL),(402,'顺安通汽修厂',103.877231,30.573143,10,NULL),(403,'诚宏双龙汽修厂',104.187423,30.70027,10,NULL),(404,'鑫合盛汽修厂',104.034508,30.710241,11,NULL),(405,'捷运汽修厂',103.45768,30.476334,11,NULL),(406,'成都市新都区荣发汽修厂',104.209218,30.805144,11,NULL),(407,'新津宏田汽修厂',103.802556,30.407276,11,NULL),(408,'林翔运业青白江汽修厂',104.225848,30.897912,10,NULL),(409,'科新汽修厂',104.269614,30.728219,11,NULL),(410,'远兴汽修厂',103.444596,30.384642,10,NULL),(411,'通顺汽修厂',103.889002,31.024923,11,NULL),(412,'聚源汽修厂',104.638889,30.684795,10,NULL),(413,'众兴汽修厂',103.464516,30.452656,11,NULL),(414,'益隆汽修厂',103.806736,30.403895,11,NULL),(415,'胜达汽修厂',103.773003,30.664468,10,NULL),(416,'胜达汽修厂',103.773003,30.664468,10,NULL),(417,'博伟汽修厂',103.542496,30.579234,14,NULL),(418,'兴恒远汽修厂',103.464713,30.39516,10,NULL),(419,'鸿永汽修厂',104.446916,30.834194,11,NULL),(420,'名骏汽修厂(团位00123店)',103.967154,30.317375,11,NULL),(421,'诚信汽修厂',104.122656,30.51191,10,NULL),(422,'安德汽修厂',103.482253,30.408044,10,NULL),(423,'宏发汽修厂',103.863058,30.833792,11,NULL),(424,'双流黄甲汽修厂',103.94577,30.488332,11,NULL),(425,'星南海汽修厂',103.967274,30.80147,11,NULL),(426,'速昌汽修厂',103.595461,30.606663,11,NULL),(427,'龙泉自强汽修厂',104.269352,30.550446,11,NULL),(428,'金鑫诚汽修厂',103.965949,30.532471,11,NULL),(429,'成都市汇铭达汽修厂',104.265579,30.856403,11,NULL),(430,'鑫杰汽修厂',103.848488,30.431292,11,NULL),(431,'双流区鑫隆汽修厂',103.911913,30.497564,10,NULL),(432,'安径汽修厂(一店)',104.554986,30.373025,10,NULL),(433,'彭州市宏顺汽修厂',103.902443,30.977295,10,NULL),(434,'彭州市红波汽修厂',103.921842,30.991058,11,NULL),(435,'双流志强汽修厂',103.882591,30.582156,11,NULL),(436,'双流志强汽修厂',103.882591,30.582156,11,NULL),(437,'都江堰市东升汽修厂',103.662703,30.993364,10,NULL),(438,'大邑三坝汽修厂',103.526563,30.578477,11,NULL),(439,'温江新时代汽修厂',103.817526,30.712853,11,NULL),(440,'青白江区志文水电汽修厂',104.253546,30.858658,10,NULL),(441,'鼎诚汽修厂',104.447041,30.834193,11,NULL),(442,'家园汽修厂',103.860734,31.051858,10,NULL),(443,'尚格汽修厂',104.147903,30.800201,11,NULL),(444,'新林汽修厂',103.853413,30.442084,11,NULL),(445,'大塘汽修厂',103.369921,30.284762,11,NULL),(446,'华龙汽修厂',103.954562,30.331625,10,NULL),(447,'金山汽修厂',103.80801,30.559905,11,NULL),(448,'祖龙汽修厂',103.885286,30.582097,11,NULL),(449,'鑫越汽修厂',104.597399,30.280538,11,NULL),(450,'新都区新繁镇安平汽修厂',104.017456,30.867734,11,NULL),(451,'锦大汽修厂',103.851815,30.43939,11,NULL),(452,'车车鑫汽修厂',104.059102,30.66042,14,NULL),(453,'腾源汽修厂',103.45751,30.430443,11,NULL),(454,'腾跃汽修厂',104.265014,30.855444,10,NULL),(455,'成都兴洪鑫汽修厂',104.223895,30.546809,10,NULL),(456,'隆鑫汽修厂',103.866165,31.047371,10,NULL),(457,'郫都区东顺汽修厂',103.822608,30.931901,11,NULL),(458,'龙泉驿区洪友汽修厂',104.338857,30.667313,11,NULL),(459,'新东泰汽修厂',103.669482,30.645438,11,NULL),(460,'大邑县新泰全汽修厂',103.576771,30.523356,10,NULL),(461,'彭州市蓉达汽修厂',103.954043,31.002804,11,NULL),(462,'成都富诚汽修厂',103.969563,30.613424,11,NULL),(463,'成都市金牛区川宏汽修厂',104.078015,30.684446,11,NULL),(464,'郫都区荣盛汽修厂',103.895152,30.817672,11,NULL),(465,'凯睿汽修厂',104.433216,30.847057,10,NULL),(466,'兴胜汽修厂',104.597364,30.280621,10,NULL),(467,'鸿川汽修厂',103.9082,30.542008,10,NULL),(468,'津瑞汽修厂',103.874964,30.829469,11,NULL),(469,'长远汽修厂',104.22706,30.834494,14,NULL),(470,'华瑞汽修厂',103.839987,30.758102,11,NULL),(471,'锦星汽修厂',103.859598,30.835649,11,NULL),(472,'东升汽修厂',103.920049,30.991528,11,NULL),(473,'鑫晟平汽修厂',104.537392,30.706756,11,NULL),(474,'兴杭汽修厂',103.995022,30.480414,11,NULL),(475,'金鑫龙汽修厂',104.051854,30.733196,11,NULL),(476,'新繁宏达汽修厂',103.999724,30.888113,11,NULL),(477,'安途汽修厂(学府西路南七街)',103.983189,30.574942,11,NULL),(478,'文昌临邛玉新汽修厂',103.480353,30.403341,10,NULL),(479,'世达汽修厂',103.795461,30.87374,12,NULL),(480,'恒信汽修厂',104.617605,30.390845,11,NULL),(481,'顺风汽修厂',103.901941,30.833011,10,NULL),(482,'金堂县双玉汽修厂',104.411601,30.843564,15,NULL),(483,'众鑫达汽修厂',103.872734,30.653334,11,NULL),(484,'联合汽修厂',104.113055,30.940445,11,NULL),(485,'彭州市四达汽车汽修厂',104.10819,30.961607,11,NULL),(486,'都江堰市石羊小金汽修厂',103.640693,30.858028,11,NULL),(487,'晋豪汽修厂',103.803112,30.405014,11,NULL),(488,'金辉汽修厂',103.473465,30.431236,10,NULL),(489,'昌浩汽修厂',104.54382,30.706544,10,NULL),(490,'隆兴汽修厂',103.67161,30.647791,11,NULL),(491,'小杨汽修厂',103.474748,30.515972,11,NULL),(492,'温江鑫瑞汽修厂',103.824252,30.709467,11,NULL),(493,'腾飞汽修厂',103.911674,30.856832,11,NULL),(494,'崃市可欣汽修厂',103.578244,30.391891,11,NULL),(495,'西郊顺全汽修厂',103.935558,30.97664,11,NULL),(496,'海霸王西部食品物流园区(海霸王路)',104.024227,30.749223,16,NULL),(497,'龙地成都新津物流园',103.914929,30.372161,17,NULL),(498,'顺邦物流园区',104.216508,30.891545,17,NULL),(499,'普洛斯龙泉驿物流园',104.19305,30.532953,17,NULL),(500,'嘉里物流(经开区南五路店)',104.193066,30.531384,16,NULL),(501,'万纬成都龙泉物流园',104.18971,30.519415,18,NULL),(502,'普洛斯新都物流园(中集大道)',104.125375,30.802426,17,NULL),(503,'成都(新都)宝湾物流园',104.136178,30.799398,16,NULL),(504,'京东智能产业园',104.116728,30.803408,16,NULL),(505,'伟津物流园区',103.917548,30.395126,16,NULL),(506,'万纬成都双流空港物流园',103.963287,30.556416,16,NULL),(507,'万纬成都天府物流园',104.173423,30.524895,16,NULL),(508,'普洛斯天府机场物流园',104.450684,30.356163,17,NULL),(509,'上达物流园区',104.124418,30.798977,17,NULL),(510,'海纳百川物流园',103.922603,30.643297,16,NULL),(511,'沙西物流园',104.019451,30.751513,16,NULL),(512,'宇培成都青白江物流园',104.242601,30.814644,16,NULL),(513,'普洛斯新津物流园',103.909275,30.374053,17,NULL),(514,'京东亚洲一号成都天府智能物流园3期',104.172081,30.532582,17,NULL),(515,'京东亚洲一号成都天府物流园(一期)',104.171203,30.526949,16,NULL),(516,'普洛斯双流物流园',103.96951,30.458121,16,NULL),(517,'传胜供应链成都物流园',103.725004,30.604441,8,NULL),(518,'成都通祥福明物流有限公司',104.125218,30.800675,16,NULL),(519,'四川航空天府机场物流园',104.444847,30.325014,16,NULL),(520,'普洛斯成都高新区工业物流园',103.915489,30.790339,16,NULL),(521,'普洛斯崇州物流园',103.711044,30.599485,16,NULL),(522,'苏宁成都青白江物流园',104.248566,30.821046,16,NULL),(523,'神州数码物流园',103.974957,30.546218,16,NULL),(524,'平安成都龙泉驿物流园1期',104.192444,30.522811,17,NULL),(525,'成都青白江宝湾物流园',104.328156,30.841527,16,NULL),(526,'平安成都龙泉驿物流园二期',104.201794,30.51955,17,NULL),(527,'顺丰速运(新津中转场)',103.915089,30.372192,16,NULL),(528,'凯力客物流园区',104.122247,30.792942,17,NULL),(529,'汇津物流园',103.899243,30.397919,17,NULL),(530,'九江线缆公司美河物流园',103.917407,30.636476,17,NULL),(531,'蓝翔物流园服务中心',104.121036,30.803809,16,NULL),(532,'洪诚物流园',104.144013,30.829765,17,NULL),(533,'丰树成都青白江物流园',104.21465,30.867169,16,NULL),(534,'宏伟物流(双流金太阳长征物流园)',103.938367,30.620166,16,NULL),(535,'丰树成都青白江物流园(一期)',104.213522,30.86469,18,NULL),(536,'成都长虹民生物流有限公司',104.194688,30.525095,16,NULL),(537,'古柏物流园',104.050216,30.746636,16,NULL),(538,'万和物流园',103.783149,30.475496,17,NULL),(539,'四川物流航空港有限公司',103.963598,30.548761,16,NULL),(540,'中国外运成都青白江物流园区',104.271234,30.822146,17,NULL),(541,'成都传化智慧物流港B区',104.239112,30.84922,16,NULL),(542,'仁禾物流(三国站)',104.213503,30.862716,16,NULL),(543,'成诺物流',104.117835,30.796765,16,NULL),(544,'成都传化智慧物流港A区',104.233833,30.851406,16,NULL),(545,'普洛斯成都龙泉经开物流园',104.182469,30.555427,16,NULL),(546,'铁路货运城厢物流中心',104.318167,30.840678,16,NULL),(547,'安能物流成都分拨中心',104.177436,30.527467,16,NULL),(548,'四川川航物流有限公司',103.963397,30.590728,16,NULL),(549,'民熙民商青白江现代金融物流园',104.272473,30.823949,16,NULL),(550,'宝供成都物流基地',103.802903,30.65992,16,NULL),(551,'成都新都物流园京东物流',104.117822,30.805804,16,NULL),(552,'成都八达远野物流',104.122947,30.794267,16,NULL),(553,'成都市兴跃物流配送中心',104.125965,30.798339,16,NULL),(554,'三河物流园',104.009668,30.589936,6,NULL),(555,'三朋四友物流园',103.931912,30.643389,16,NULL),(556,'丰树青白江物流中心(二期)',104.215213,30.868388,16,NULL),(557,'阔展物流',104.002127,30.506472,16,NULL),(558,'成都云钢联物流有限公司',104.257293,30.845833,16,NULL),(559,'纵达物流',104.249192,30.822788,16,NULL),(560,'川建物流园',104.049663,30.734048,16,NULL),(561,'顺邦物流分拨中心',104.216453,30.892047,16,NULL),(562,'安博中国(成都龙泉物流中心)',104.193967,30.516573,16,NULL),(563,'民生物流四川有限公司',104.199186,30.528606,16,NULL),(564,'成都中储发展物流有限责任公司',103.970531,30.547011,16,NULL),(565,'传化公路港物流有限公司',104.133071,30.794768,8,NULL),(566,'鸿发物流园',103.881675,30.496557,17,NULL),(567,'杨公物流园',103.834736,30.502194,17,NULL),(568,'润宝物流',104.119741,30.793708,8,NULL),(569,'鑫慧鑫物流园',104.048809,30.747834,17,NULL),(570,'海都物流',104.118748,30.798826,16,NULL),(571,'新杰物流(物流大道店)',103.972215,30.554998,16,NULL),(572,'嘉民物流园区',104.114525,30.800725,17,NULL),(573,'富田仓储物流市场',104.150551,30.834935,16,NULL),(574,'巴蜀物流',104.177203,30.534749,8,NULL),(575,'粤蓉集团龙泉冷链物流园',104.225131,30.536075,8,NULL),(576,'泰宜鑫储运中心',103.97591,30.541188,16,NULL),(577,'平安不动产成都新地物流园',103.973934,30.55918,16,NULL),(578,'佳吉快运(物流大道)',104.135449,30.796074,16,NULL),(579,'升峰物流',104.123865,30.792195,16,NULL),(580,'成都万江物流有限公司',104.12505,30.522837,16,NULL),(581,'顺丰丰泰产业园.成都天府(四川顺丰物流园)',104.437427,30.353565,16,NULL),(582,'川陕货运市场',104.211433,30.860412,16,NULL),(583,'文汉物流',104.329095,30.83984,16,NULL),(584,'成都青白江瀚溥物流园京东物流',104.211873,30.868477,16,NULL),(585,'云港物流园(新港)',103.920476,30.38136,18,NULL),(586,'建顺成物流园',103.868229,30.641279,16,NULL),(587,'成都市金牛区博才物流园',104.06396,30.741134,17,NULL),(588,'成都青白江象道物流有限公司',104.313506,30.84406,16,NULL),(589,'四川路威特物流有限公司',104.271062,30.831359,16,NULL),(590,'成都三志物流有限公司',104.131733,30.795926,16,NULL),(591,'新地物流(通关路)',103.977374,30.55327,16,NULL),(592,'崇新物流园',103.793904,30.529003,16,NULL),(593,'成都川西物流有限公司',104.050261,30.749999,16,NULL),(594,'深国际成都青白江综合物流港',104.26731,30.842163,17,NULL),(595,'崇新物流园',103.793904,30.529003,16,NULL),(596,'崇新物流园',103.793904,30.529003,16,NULL),(597,'成都川西物流有限公司',104.050261,30.749999,16,NULL),(598,'深国际成都青白江综合物流港',104.26731,30.842163,17,NULL),(599,'四川省烟草公司成都市公司物流中心',104.163639,30.684497,16,NULL),(600,'佛山市亿航物流成都货仓',103.900488,30.659414,16,NULL),(601,'力展物流(青白江运营中心)',104.245766,30.847733,16,NULL),(602,'远洋物流',104.250057,30.848966,16,NULL),(603,'柑梓树宏兴源物流仓储中心',103.86636,30.6445,16,NULL),(604,'四川文传物流有限公司',104.297465,30.844171,16,NULL),(605,'顺邦物流公路港2期',104.222272,30.891258,16,NULL),(606,'中铁快运(成都东站营业部)',104.138529,30.626515,16,NULL),(607,'成都天天百运物流分拨中心',104.139003,30.812985,16,NULL),(608,'湘北物流园',103.818303,30.576453,16,NULL),(609,'海霸王西部食品物流园',104.022874,30.751899,16,NULL),(610,'力展物流(龙泉配送部)',104.248399,30.555022,16,NULL),(611,'迈诺物流',104.131963,30.799821,16,NULL),(612,'泰能物流园',104.240255,30.817337,16,NULL),(613,'东百集团成都新津物流中心',103.915675,30.373248,16,NULL),(614,'荣庆物流(成都分公司)',104.122391,30.80284,16,NULL),(615,'力展物流(供应链)',104.251452,30.84869,16,NULL),(616,'平安一期物流园1号库',104.192403,30.522858,16,NULL),(617,'蓉康物流',104.123951,30.799056,16,NULL),(618,'韵天物流',104.1915,30.861202,16,NULL),(619,'三国物流园7栋',104.212475,30.862475,17,NULL),(620,'鑫艺佳物流园',104.150827,30.831002,16,NULL),(621,'成拉物流',104.128381,30.800961,16,NULL),(622,'巨邦物流有限公司',104.118619,30.795779,16,NULL),(623,'普罗斯物流园区乐峰网',103.917073,30.791389,8,NULL),(624,'保快捷物流总部',104.07532,30.821173,16,NULL),(625,'成都景豪(精越)物流有限公司新都公司',104.144886,30.837844,16,NULL),(626,'力展物流(雁鹅中路)',103.91887,30.623466,16,NULL),(627,'建国货运(三国物流园)',104.212048,30.862872,16,NULL),(628,'力展物流(崇州配送中心)',103.69156,30.641564,16,NULL),(629,'中铁八局集团现代物流有限公司',104.30907,30.841498,16,NULL),(630,'科捷物流',103.969464,30.458074,16,NULL),(631,'城厢国际集装箱物流园',104.319766,30.832963,17,NULL),(632,'中国物流公司成都青白江物流中心',104.315964,30.842049,16,NULL),(633,'力展物流(新都配送收货中心)',104.147424,30.829762,16,NULL),(634,'力展物流(郫县配送中心)',103.890346,30.819377,16,NULL),(635,'力展物流(兴跃物流园区)',104.125408,30.799158,16,NULL),(636,'力展物流(兴跃物流园区)',104.125408,30.799158,16,NULL),(637,'彭氏雄风物流',104.077404,30.82798,16,NULL),(638,'川桂快运广西海南全直达',104.125425,30.800575,16,NULL),(639,'盛辉物流(凯力客物流园区店)',104.12185,30.793264,16,NULL),(640,'成都蚂蚁物流有限公司物流园区“司机之家”暖新驿站',104.031746,30.613445,16,NULL),(641,'力展物流(华阳配送中心)',104.029154,30.516058,16,NULL),(642,'海霸王西部食品物流园区肉品区',104.021975,30.751738,16,NULL),(643,'四川物流集装箱堆场',104.310335,30.843633,8,NULL),(644,'钰兴物流园',103.925159,30.623225,17,NULL),(645,'成都金龙达物业有限公司物流园',104.218457,30.576764,16,NULL),(646,'杰缘物流有限公司',104.124598,30.800819,18,NULL),(647,'成都吉仕达物流有限公司',104.122393,30.793021,16,NULL),(648,'中国邮政青白江区寄递物流园',104.258464,30.857794,16,NULL),(649,'豪翔物流(运力大道店)',104.152382,30.831864,18,NULL),(650,'升峰物流园119号恒鸿物流寄顺丰',104.12362,30.793015,16,NULL),(651,'奥特乐龙泉配送中心',104.193522,30.52102,18,NULL),(652,'成都正远物流',104.15034,30.842036,16,NULL),(653,'龙宇物流',104.135517,30.797329,16,NULL),(654,'鹏展物流园',103.956124,30.635513,17,NULL),(655,'成都一路达物流有限公司',104.123179,30.79408,16,NULL),(656,'成都三宇物流园区',104.249825,30.827775,8,NULL),(657,'金蜀物流',104.119473,30.795735,16,NULL),(658,'ESR成都易龙物流园',104.177829,30.528017,16,NULL),(659,'成都禾腾物流有限公司',104.122279,30.793268,16,NULL),(660,'四川乔邦物流有限公司',104.120376,30.802793,16,NULL),(661,'中建三局羊安现代物流园项目1期',103.726138,30.366922,17,NULL),(662,'时正物流',104.116504,30.795842,16,NULL),(663,'普洛斯维龙龙泉驿物流园B-1',104.190459,30.533651,16,NULL),(664,'力展物流',103.809443,30.429562,16,NULL),(665,'江苏蚁梦(翔欣)供应链',104.116945,30.797533,16,NULL),(666,'金鑫顺物流有限公司',104.051165,30.74982,16,NULL),(667,'思川物流园',104.120355,30.794915,16,NULL),(668,'余氏东风(龙和门店)',104.205124,30.731421,16,NULL),(669,'广州鑫川粤物流有限公司',104.12614,30.800236,16,NULL),(670,'盛恒物流有限公司',104.123504,30.801016,16,NULL),(671,'安能物流(郫县犀浦营业部)',103.916904,30.790476,18,NULL),(672,'四川嘉上嘉物流公司',104.121149,30.799972,16,NULL),(673,'成都大禾航空货运',103.973949,30.553126,16,NULL),(674,'力展物流(温江配送中心)',103.819581,30.69791,16,NULL),(675,'成都鸿翔物流有限公司',104.239825,30.8505,16,NULL),(676,'成都鸿翔物流有限公司',104.239825,30.8505,16,NULL),(677,'郫都区安靖海霸王西部食品物流园区料香商贸有限公司',104.023825,30.749375,8,NULL),(678,'佳吉物流园A区',104.135314,30.795539,16,NULL),(679,'顺驰物流',104.180126,30.868306,16,NULL),(680,'普洛斯成都青白江物流园',104.271025,30.824025,17,NULL),(681,'成都美顺物流有限公司',104.126223,30.799869,16,NULL),(682,'蓉越快线浙江全直达',104.238362,30.849358,16,NULL),(683,'成都百宸物流有限公司',104.117767,30.797459,16,NULL),(684,'盛飞物流',103.988114,30.555797,16,NULL),(685,'成都仪蓬物流川西物流园',104.05528,30.748323,16,NULL),(686,'成都导航物流有限公司',104.157328,30.79867,16,NULL),(687,'德众物流',103.826679,30.567204,16,NULL),(688,'德邦物流(成都简阳市天发物流园经营分部)',104.549102,30.362808,16,NULL),(689,'余氏东风(美河仓储九江一店)',103.917297,30.635176,16,NULL),(690,'安能物流(成都海霸王营业部)',104.025948,30.755086,16,NULL),(691,'蓉便捷物流',104.018716,30.751105,16,NULL),(692,'源天物流',103.917601,30.636679,16,NULL),(693,'长吉物流(龙泉站)',104.24837,30.555028,16,NULL),(694,'风神物流有限公司物流园',104.281591,30.681655,16,NULL),(695,'川非鑫畅利发物流园A区',104.180275,30.868675,17,NULL),(696,'中化石油奎洋加水区加油站',117.178552,24.83198,1,NULL),(697,'成都北车站',104.241984,30.775783,19,NULL),(698,'金堂站',104.432404,30.84169,19,NULL),(699,'简阳站',104.553164,30.378861,19,NULL),(700,'新都站',104.144062,30.831274,19,NULL),(701,'双流站',104.026335,30.550059,19,NULL),(702,'彭县站',103.929488,30.970008,19,NULL),(703,'天回镇站',104.090898,30.752494,19,NULL),(704,'新兴镇站',104.127377,30.504626,19,NULL),(705,'养马河站',104.506296,30.505617,19,NULL),(706,'普兴站',103.915846,30.383131,19,NULL),(707,'城厢站',104.317718,30.834855,19,NULL),(708,'大弯镇站',104.250299,30.85385,19,NULL),(709,'淮口站',104.574334,30.733319,19,NULL),(710,'石板滩站',104.266777,30.722209,19,NULL),(711,'谭家场站',103.811064,30.964374,19,NULL),(712,'洪安乡站',104.337932,30.706682,19,NULL),(713,'青白江站',104.208133,30.899263,19,NULL),(714,'蒲阳站',103.645804,31.020811,19,NULL),(715,'公兴站',103.969098,30.474121,19,NULL),(716,'庙子沟站',104.61462,30.292882,19,NULL),(717,'红牌楼站',104.022018,30.621157,19,NULL),(718,'清流站',104.046824,30.945254,19,NULL),(719,'丽春站',103.864622,30.966731,19,NULL),(720,'成都双流国际机场货站',103.961522,30.551631,20,NULL),(721,'国航天府机场国内货站',104.447839,30.331005,20,NULL),(722,'四川航空北头运行基地',103.960907,30.58494,20,NULL),(723,'天府机场国际货运区',104.439077,30.339883,20,NULL),(724,'航空货运中心站',103.961981,30.552112,20,NULL),(725,'四川机场地服公司天府机场国内货站',104.447779,30.33107,20,NULL),(726,'四川机场集团航空地面服务有限公司天府机场货运办公区',104.436967,30.337343,20,NULL),(727,'宜家家居(成都高新商场店)',104.062078,30.599759,6,NULL),(728,'宜家家居(成华店)',104.10475,30.721206,6,NULL),(729,'量力钢材城',104.050928,30.738064,6,NULL),(730,'佳飞国际建材家居市场',104.199171,30.863652,6,NULL),(731,'成都钢材批发市场(金府店)',104.040412,30.719202,6,NULL),(732,'成都八益家具城沙发城',104.0102,30.613794,6,NULL),(733,'富森美家居市场',104.111241,30.721199,6,NULL),(734,'红星美凯龙(成都至尊MALL店)',104.029842,30.63863,6,NULL),(735,'俊翔型材市场',104.19226,30.865006,6,NULL),(736,'居然之家(金牛店)',104.028109,30.695579,6,NULL),(737,'大港建材城',104.250289,30.812563,6,NULL),(738,'金牛区金府机电城',104.03587,30.713601,6,NULL),(739,'中川商贸城',103.920871,30.629839,6,NULL),(740,'贝壳美家整装家居旗舰店',104.020852,30.65922,6,NULL),(741,'岚庭家居总部(成都)',104.045498,30.681602,8,NULL),(742,'万贯五金机电城',104.031892,30.711136,6,NULL),(743,'青白江区万贯五金机电市场',104.309938,30.854837,6,NULL),(744,'太平园国际家居博览城(太平园双流店)',103.941481,30.609497,6,NULL),(745,'红星美凯龙四川全球家居1号店',104.033382,30.482706,6,NULL),(746,'爱灯堡',104.025034,30.841108,6,NULL),(747,'红星美凯龙成都佳灵商场',104.027131,30.630542,6,NULL),(748,'博川钢贸城B区',104.258782,30.841129,6,NULL),(749,'富森美·全球进口家居馆',104.059174,30.604211,6,NULL),(750,'朗润装饰·全案定制装修',104.032554,30.633547,6,NULL),(751,'富森·美家居2号店建材',104.06454,30.60161,6,NULL),(752,'富森美家居(1号店)',104.070341,30.600939,6,NULL),(753,'亿家天下',104.085032,30.695001,6,NULL),(754,'四川博川钢材批发市场',104.263013,30.83763,6,NULL),(755,'居然之家(成都汇融店)',104.093699,30.593033,6,NULL),(756,'金府灯具城',104.039553,30.712364,6,NULL),(757,'忠储福森建材城',104.031405,30.51951,6,NULL),(758,'太平园家私广场',104.017651,30.619552,6,NULL),(759,'八益装饰材料城',104.006755,30.610401,6,NULL),(760,'忠储福森建材城',104.031405,30.51951,6,NULL),(761,'京东电器城市旗舰店(万年场店)',104.115222,30.651519,6,NULL),(762,'成都国际商贸城4区',104.083,30.79846,6,NULL),(763,'居然之家(金沙店)',104.002084,30.673642,6,NULL),(764,'生活家装饰·装修设计公司(成都旗舰店)',104.075263,30.615959,6,NULL),(765,'元瑞家居',103.910499,30.632341,6,NULL),(766,'新博美银河装饰市场',104.181646,30.568395,6,NULL),(767,'中力不锈钢批发城',104.050213,30.748557,6,NULL),(768,'太平园西部家居装饰材料贸易中心',104.004358,30.611073,6,NULL),(769,'西部国际装饰石材城',103.975244,30.79198,6,NULL),(770,'红星美凯龙(成都蜀西商场)',103.980148,30.724469,6,NULL),(771,'好迪家居材料商场',104.01737,30.85195,6,NULL),(772,'中国塑料城(成金青快速通道)',104.203582,30.738214,6,NULL),(773,'世代积家装饰家居广场',103.938332,30.601425,6,NULL),(774,'成都元瑞家具材料市场',103.909449,30.627579,6,NULL),(775,'富森·美家居建材馆A幢',104.10753,30.72053,6,NULL),(776,'新太平园建材家具城',103.94292,30.606486,6,NULL),(777,'居然之家(郫都店)',103.987855,30.736538,6,NULL),(778,'富森·美家居汽配MALL',104.140829,30.795018,6,NULL),(779,'远龙·西部钢材城',104.306382,30.860865,6,NULL),(780,'华川银地·国际建材城',104.206436,30.867962,6,NULL),(781,'红星美凯龙(成都龙泉店)',104.233708,30.567432,6,NULL),(782,'博川钢贸城A区',104.265823,30.833289,6,NULL),(783,'富森美家的乐园',104.053919,30.483745,6,NULL),(784,'美利亨材料城',103.995842,30.521968,6,NULL),(785,'东方建材城',104.268312,30.647175,6,NULL),(786,'新繁家具园(成都好迪家具批发城店)',104.02133,30.853835,6,NULL),(787,'新繁家具园(成都好迪家具批发城店)',104.02133,30.853835,6,NULL),(788,'成都八益精品家居广场',104.013698,30.613022,6,NULL),(789,'量力钢材交易区热镀锌方矩管角钢槽钢工字钢H型钢镀锌钢管',104.051895,30.72902,6,NULL),(790,'青白江国际木材交易中心',104.221124,30.865154,6,NULL),(791,'太平园国际家居博览中心',104.017271,30.622132,6,NULL),(792,'好迪家具批发城(香江大道)',104.022086,30.852235,6,NULL),(793,'成都·金星',103.794067,30.756338,6,NULL),(794,'富森·美家居家具馆',104.110026,30.719758,6,NULL),(795,'红星美凯龙(MKL生活美学中心店)',104.06997,30.4792,6,NULL),(796,'太子家居整装生活馆',103.935054,30.634353,8,NULL),(797,'中川商贸城-南区',103.92127,30.627141,6,NULL),(798,'成都八益家具城',104.011225,30.615714,6,NULL),(799,'中储福森建材城(大丰店)',104.06468,30.759745,6,NULL),(800,'雨泉暖通商贸园',103.933393,30.641248,6,NULL),(801,'名创优品(联升巷店)',104.077371,30.654611,6,NULL),(802,'锦华家居建材城',104.087092,30.549713,6,NULL),(803,'红星美凯龙商场(红星美凯龙四川全球家居1号店店)',104.033384,30.48271,6,NULL),(804,'天港建材市场',104.109528,30.732552,6,NULL),(805,'柜府阳光铝合金全屋定制家居(车城东七路)',104.239128,30.536474,6,NULL),(806,'熊猫生活广场',104.104288,30.714175,6,NULL),(807,'逸家建材 (瓷砖展厅)',104.114182,30.75421,6,NULL),(808,'香江全球家居CBD',104.022088,30.855074,6,NULL),(809,'富森美家居(城西店)',103.923092,30.791727,6,NULL),(810,'富森美家居(新都店)',104.144949,30.792575,6,NULL),(811,'红星美凯龙智能家居生活Mall(成都佳灵商场)',104.026847,30.630567,6,NULL),(812,'长久机电(交大路)',104.038184,30.712375,6,NULL),(813,'多美圣歌家居',104.128505,30.533888,4,NULL),(814,'蓉都家具城',104.156915,30.800098,6,NULL),(815,'爱灯堡西部灯饰采购中心',104.024302,30.840694,6,NULL),(816,'量力灯具城',104.049477,30.728812,6,NULL),(817,'博美家具建材市场',104.183706,30.566727,6,NULL),(818,'永辉超市(蜀都万达广场店)',103.907827,30.807655,6,NULL),(819,'隆腾装饰城',103.694646,30.616835,6,NULL),(820,'荣华市场',104.093922,30.691261,6,NULL),(821,'新福森林建材城',104.2427,30.565044,6,NULL),(822,'富森美·全球进口家居馆',104.059174,30.604211,6,NULL),(823,'香江全球家居CBD',104.01956,30.853436,6,NULL),(824,'NORHOR北欧表情家居(成都望江直营店)',104.095275,30.628625,6,NULL),(825,'成都三叶不锈钢城',104.01629,30.844149,6,NULL),(826,'MINISO LAND(成都春熙路店)',104.078699,30.655048,6,NULL),(827,'MINISO LAND(成都春熙路店)',104.078699,30.655048,6,NULL),(828,'成都市全友家私销售有限公司',103.961538,30.683116,6,NULL),(829,'美克美家(成都棕北店)',104.067345,30.624887,6,NULL),(830,'百浩兄弟装饰·全屋定制装修设计',104.057355,30.555302,8,NULL),(831,'全友家居',103.704967,30.633039,6,NULL),(832,'顾家家居(富森美家居店)',104.111072,30.720739,6,NULL),(833,'南方家居购物广场(双流九龙湖总店)',103.992924,30.524521,6,NULL),(834,'四川新蓉电缆有限责任公司',103.943607,30.712409,6,NULL),(835,'铁公鸡钢材城',104.10438,30.759206,6,NULL),(836,'成都大港灯饰批发城',104.257033,30.815731,6,NULL),(837,'富森美拎包入住生活馆',104.110457,30.721667,6,NULL),(838,'八益灯饰专业商场',104.00881,30.610992,6,NULL),(839,'阳光林森家居集团总部',104.012726,30.846481,6,NULL),(840,'红星美凯龙(简阳店)',104.506608,30.427467,6,NULL),(841,'双流太平园建材城',103.942603,30.605604,6,NULL),(842,'京东五星电器(成都新都店)',104.16401,30.823513,6,NULL),(843,'宜家',104.100663,30.633532,6,NULL),(844,'力美材料商场',104.021601,30.860273,6,NULL),(845,'温江区城南建材中心',103.843638,30.67501,6,NULL),(846,'明智门业别墅门庭院门防盗门铸铝门原木门油漆门免漆门钛合金门推拉门衣柜木地板工厂店',103.854773,30.840079,6,NULL),(847,'大家得国际沙发材料城',104.000897,30.496867,6,NULL),(848,'浪度家居工厂店',104.212961,30.829459,6,NULL),(849,'第二树二手办公家具(成都双流店)',103.976907,30.53671,6,NULL),(850,'无印良品(环球中心店)',104.064194,30.56939,21,NULL),(851,'太子家居·全屋整装生活馆',103.902993,30.792006,6,NULL),(852,'国际建材家具馆',103.922395,30.79186,6,NULL),(853,'KKV(成都大悦城店)',104.009927,30.62642,6,NULL),(854,'数码港五金机电城',104.022812,30.706106,6,NULL),(855,'沐野家具展厅',104.11804,30.691046,6,NULL),(856,'成都国际五金机电总部城A馆',104.102201,30.809656,6,NULL),(857,'川沛美缝服务中心',103.975837,30.657345,6,NULL),(858,'蜀西商城(太平街店)',103.632509,30.986111,6,NULL),(859,'青白江朗思特家具工厂超市',104.268116,30.876536,6,NULL),(860,'MUJI無印良品(鹏瑞利青羊广场店)',103.962379,30.669512,21,NULL),(861,'崇州市新生产资料市场',103.713689,30.595336,6,NULL),(862,'首信家居建材城',103.981817,30.605971,6,NULL),(863,'源氏木语(东大路光环店)',104.111564,30.635047,6,NULL),(864,'佳飞国际建材家居市场2期',104.209936,30.870514,6,NULL),(865,'瑞美(中国)热水器有限公司',104.162159,30.807286,6,NULL),(866,'发电机销售出租配件及维修',104.03888,30.71117,6,NULL),(867,'西部旗舰建材市场',104.203076,30.863148,6,NULL),(868,'鑫然门窗(成华店)',104.123674,30.639376,6,NULL),(869,'隆诚装饰-25年老店(鹭岛总部)',104.013594,30.642216,6,NULL),(870,'广东瓷砖工厂仓库批发',103.950055,30.81219,6,NULL),(871,'蓉宏美时家居店·美式外贸高端仓储式家具店',103.966989,30.716235,6,NULL),(872,'金虎家居(金度路)',104.01378,30.85766,6,NULL),(873,'金府机电城B区',104.037334,30.716767,6,NULL),(874,'成都长城床垫厂工厂直营店',103.970227,30.528655,6,NULL),(875,'四川中财管道有限公司',104.232296,30.539278,6,NULL),(876,'洋隆五金建材城',103.910332,30.753906,6,NULL),(877,'金三角建材直销仓储',104.11983,30.718154,6,NULL),(878,'顾家家居(剑南大道红星店)',104.03285,30.483126,6,NULL),(879,'天府建材城',104.123712,30.511696,6,NULL),(880,'犀浦建材市场',103.956201,30.755059,6,NULL),(881,'龙跃家居装饰城',104.24087,30.56536,6,NULL),(882,'成都大西洋线缆有限公司',103.909108,30.789489,6,NULL),(883,'全友全屋定制(新都大丰店)',104.054593,30.755862,6,NULL),(884,'家和家园',104.020778,30.849514,6,NULL),(885,'成都八益家具城沙发城',104.011086,30.615693,6,NULL),(886,'京东五星电器(成都双流店)',103.925582,30.582685,6,NULL),(887,'家和家园',104.020778,30.849514,6,NULL),(888,'成都八益家具城沙发城',104.011086,30.615693,6,NULL),(889,'京东五星电器(成都双流店)',103.925582,30.582685,6,NULL),(890,'全友全屋定制(科华直营店)',104.078926,30.620703,6,NULL),(891,'美景舒适家客户服务中心',103.82363,30.664917,6,NULL),(892,'红星美凯龙-成都A区(锦里武侯祠店)',104.030413,30.638501,6,NULL),(893,'富森美家居1区',104.108965,30.724067,6,NULL),(894,'九天优品官方旗舰店',103.885391,30.579142,6,NULL),(895,'建辅建材市场(安轻路)',103.620135,30.977731,6,NULL),(896,'成都信业水泥河沙砖',104.096826,30.523619,6,NULL),(897,'致美优家',104.070161,30.601141,6,NULL),(898,'索菲亚衣柜橱柜全屋定制(成华富森美店)',104.111426,30.72013,6,NULL),(899,'源氏木语(成都高新店)',104.059066,30.604299,6,NULL),(900,'欧普照明(华阳旗舰店)',104.053941,30.512358,6,NULL),(901,'凯信家居装饰城',103.829015,30.701467,6,NULL),(902,'欧普照明(中和旗舰店)',104.087288,30.549148,6,NULL),(903,'顾家家居(富森美家居店)',104.059676,30.604403,6,NULL),(904,'西部家居灯饰城',104.004867,30.609189,6,NULL),(905,'四川三电川缆厂家直销(金府五金32栋1号附2)',104.040925,30.71689,6,NULL),(906,'量力钢材城D区-西区',104.047485,30.738129,6,NULL),(907,'新繁三桥建材市场',104.0092,30.8676,22,NULL),(908,'量力钢材城D区-西区',104.047485,30.738129,6,NULL),(909,'成都国际五金机电城(兴城大道店)',104.101282,30.809933,6,NULL),(910,'三福百货(成都龙湖北城天街店)',104.066249,30.711733,6,NULL),(911,'佳飞国际建材家居市场',104.207232,30.870733,6,NULL),(912,'成都顺平钢化玻璃厂',103.997828,30.496573,6,NULL),(913,'全友家居(新都店)',104.168175,30.811913,6,NULL),(914,'佳豪五金连锁',104.175292,30.548405,6,NULL),(915,'佳装水泥河沙建碴清运店',104.057296,30.713619,6,NULL),(916,'蜂鸟办公家具城(高新区店)二手办公家具',103.988838,30.531924,6,NULL),(917,'富森美家居-国际建材A区',104.115295,30.719042,6,NULL),(918,'成都市乐家家居有限公司',103.674062,31.05499,6,NULL),(919,'MUJI無印良品(龙湖·西宸天街店)',104.032817,30.698278,6,NULL),(920,'欧派大家居(北富森店)',104.109576,30.720629,6,NULL),(921,'钱进五金建材',104.037685,30.47497,6,NULL),(922,'富森·美家居板材区',104.114997,30.718627,6,NULL),(923,'四川省攀成森不锈钢建材城',104.193288,30.872256,6,NULL),(924,'鑫缘货架办公',104.029695,30.514697,6,NULL),(925,'众信塑胶',103.969896,30.505104,6,NULL),(926,'全友家居(龙泉店)',104.263546,30.566428,6,NULL),(927,'彭镇二手旧货市场',103.880106,30.581584,22,NULL),(928,'逸家系统门窗(福泽花苑店)',104.046633,30.511942,6,NULL),(929,'居然之家成都琉璃店',104.093441,30.592703,6,NULL),(930,'创一进口液压油管总汇',104.041095,30.513851,6,NULL),(931,'大面美德家具家电',104.217643,30.575932,6,NULL),(932,'富森·美家居建材馆(2号门)',104.10736,30.720522,6,NULL),(933,'林洁整家定制橱柜红星双楠店',104.030011,30.638567,6,NULL),(934,'金府五金机电',104.040975,30.716391,6,NULL),(935,'美克美家(富森美旗舰店)',104.060043,30.604921,6,NULL),(936,'东恒国际精品灯饰城',104.093669,30.644943,6,NULL),(937,'新博新美(金堂店)',104.385152,30.842565,6,NULL),(938,'凤铝门窗经营部(工厂直营店)',104.025826,30.64206,6,NULL),(939,'成都宙辉中古风家居美学馆',104.288254,30.853949,6,NULL),(940,'成都芝华仕头等舱沙发(北富森旗舰店)',104.110225,30.719362,6,NULL),(941,'名创优品(四川成都金牛万达2店)',104.074663,30.687561,6,NULL),(942,'美景舒适家-地暖中央空调(南富森店)',104.065139,30.601156,6,NULL),(943,'鑫辉昂不锈钢加工中心',104.193445,30.863559,6,NULL),(944,'全友全屋定制(八益直营店)',104.01238,30.61632,6,NULL),(945,'万好家居',104.004336,30.858054,6,NULL),(946,'索菲亚衣柜橱柜全屋定制(南富森建材店)',104.064466,30.601056,6,NULL),(947,'成都国际商贸城',104.082649,30.795299,22,NULL),(948,'濛阳水果批发市场',104.119453,30.945906,22,NULL),(949,'荷花池百货',104.079355,30.691868,22,NULL),(950,'成都农产品批发市场',104.020242,30.564749,22,NULL),(951,'四川雨润国际农产品交易中心',104.115479,30.944002,22,NULL),(952,'海霸王海鲜市场',104.026089,30.744904,22,NULL),(953,'玉林综合市场',104.059689,30.626418,22,NULL),(954,'青石桥市场',104.071368,30.653463,22,NULL),(955,'成都沙西农副产品批发市场',103.956157,30.824117,22,NULL),(956,'太平镇农贸市场',104.199746,30.430619,22,NULL),(957,'大成市场',104.07823,30.690551,22,NULL),(958,'白家市场',104.018889,30.56442,22,NULL),(959,'金牛之心·荷花池广场',104.078142,30.692081,22,NULL),(960,'抚琴综合市场',104.040356,30.679797,22,NULL),(961,'公兴大市场(藕塘新街)',103.991876,30.482933,22,NULL),(962,'成都华丰食品城',104.018844,30.559752,22,NULL),(963,'成都银犁冷冻食品交易市场',104.250128,30.846453,22,NULL),(964,'三联禽畜水产交易中心',104.275442,30.649301,22,NULL),(965,'罗马假日广场',104.042448,30.637519,22,NULL),(966,'西部食品城(合力达西部食品城店)',103.937594,30.627081,22,NULL),(967,'宏正广场',104.078915,30.693483,22,NULL),(968,'双流大市场',103.926133,30.568626,22,NULL),(969,'青羊小区综合市场(青羊东二路)',104.042046,30.67061,22,NULL),(970,'海霸王冻品交易区',104.025532,30.745715,8,NULL),(971,'苏坡大棚市场(中鹏西路)',103.983846,30.669324,22,NULL),(972,'邹家场便民综合大市场',103.902501,30.658978,22,NULL),(973,'成都西博西南食品城',104.271498,30.650512,22,NULL),(974,'通威三联水产交易中心',104.278292,30.650474,22,NULL),(975,'简阳亿联国际商贸城',104.519927,30.43498,22,NULL),(976,'居然之家(金沙店)',104.002084,30.673642,6,NULL),(977,'大面综合市场',104.19199,30.587048,22,NULL),(978,'潮音村便民菜市场',103.981398,30.63913,22,NULL),(979,'成都海峡茶城',104.146202,30.780227,22,NULL),(980,'盒马鲜生(万科·钻石广场店)',104.104496,30.669942,22,NULL),(981,'润茂·成都国际酒店用品城',104.125804,30.782433,22,NULL),(982,'航天大市场',103.843917,30.691396,22,NULL),(983,'清溪菜市',104.024291,30.677115,22,NULL),(984,'八里庄菜市场',104.113969,30.686972,22,NULL),(985,'成都农产品中心批发市场(白家市场)海鲜购物广场',104.02179,30.56336,22,NULL),(986,'盒马鲜生(阳光新业中心店)',104.091408,30.643199,22,NULL),(987,'成都国际商贸城2区',104.078953,30.793071,22,NULL),(988,'红星农贸市场',104.077905,30.650345,22,NULL),(989,'龙华二手交易市场',104.174482,30.548329,22,NULL),(990,'大井社区农贸市场',103.924673,30.641301,22,NULL),(991,'成都国际商贸城6区',104.087393,30.791483,22,NULL),(992,'新二村马路市场',104.059044,30.680268,22,NULL),(993,'中成市场',104.065252,30.610418,22,NULL),(994,'城南大型二手市场',104.167553,30.672195,22,NULL),(995,'航天综合市场(天生路)',104.264322,30.554246,22,NULL),(996,'盒马鲜生(成都光环购物公园A馆店)',104.11129,30.636253,22,NULL),(997,'海桐便民服务点',104.130951,30.607925,22,NULL),(998,'成都农产品中心批发市场蔬菜交易区',104.020852,30.563005,22,NULL),(999,'华川银地·国际建材城',104.206436,30.867962,6,NULL),(1000,'彭镇市场',103.878511,30.5839,22,NULL),(1001,'柏合农贸市场',104.204377,30.503627,22,NULL),(1002,'万安农贸市场',104.107785,30.485474,22,NULL),(1003,'新熙汇',104.07529,30.654155,22,NULL),(1004,'中兴农贸市场(中兴商业街)',103.622775,30.918063,22,NULL),(1005,'龙桥综合市场',103.949764,30.594473,22,NULL),(1006,'冻青树农贸市场(金殿城店)',104.079465,30.664504,22,NULL),(1007,'大丰黄花市场',104.054507,30.761475,22,NULL),(1008,'永兴农贸市场',104.148518,30.351792,22,NULL),(1009,'清江综合市场',104.383655,30.913814,22,NULL),(1010,'西河综合市场(龙博御景小区东南)',104.23058,30.654091,22,NULL),(1011,'长德·新世贸食品城',103.995302,30.894539,22,NULL),(1012,'洪河白鹤综合市场',104.16294,30.615738,22,NULL),(1013,'大林综合市场',104.120331,30.283514,22,NULL),(1014,'盒马鲜生(英祥·财富领域店)',104.059974,30.600637,22,NULL),(1015,'花源农贸综合市场',103.8856,30.483751,22,NULL),(1016,'鑫亮佳鸿华二手市场',104.217142,30.652522,22,NULL),(1017,'平安综合市场',104.270923,30.573976,22,NULL),(1018,'荷花池Kzone韩国城',104.078362,30.692012,22,NULL),(1019,'盒马鲜生(成都购物中心北京华联店)',103.987365,30.572346,22,NULL),(1020,'陆家农产品水果中心',104.061661,30.740262,22,NULL),(1021,'新繁天星大市场',104.008936,30.875072,8,NULL),(1022,'黄土综合农贸市场',104.291063,30.684766,22,NULL),(1023,'九江综合大市场',103.920071,30.623796,22,NULL),(1024,'金荷花美博城',104.079285,30.687809,22,NULL),(1025,'汇都商贸城2期',103.926534,30.603555,22,NULL),(1026,'大西南茶城(赛云台西一路)',104.064229,30.702856,22,NULL),(1027,'鑫亮佳鸿华二手市场',104.217142,30.652522,22,NULL),(1028,'平安综合市场',104.270923,30.573976,22,NULL),(1029,'益民菜市(支矶石街店)',104.055682,30.663791,22,NULL),(1030,'盒马鲜生(成都购物中心北京华联店)',103.987365,30.572346,22,NULL),(1031,'陆家农产品水果中心',104.061661,30.740262,22,NULL),(1032,'新繁天星大市场',104.008936,30.875072,8,NULL),(1033,'黄土综合农贸市场',104.291063,30.684766,22,NULL),(1034,'九江综合大市场',103.920071,30.623796,22,NULL),(1035,'成都聚和国际果蔬花卉水产交易中心',104.304001,30.588006,22,NULL),(1036,'金树时代广场',104.165957,30.813338,22,NULL),(1037,'金荷花美博城',104.079285,30.687809,22,NULL),(1038,'红石综合市场',103.854405,30.548149,22,NULL),(1039,'汇都商贸城2期',103.926534,30.603555,22,NULL),(1040,'大西南茶城(赛云台西一路)',104.064229,30.702856,22,NULL),(1041,'武侯金花镇金凤街农贸市场',103.972335,30.607374,22,NULL),(1042,'永安农贸市场(翰林街)',103.989604,30.408099,22,NULL),(1043,'荷花池综合大市场',103.638667,30.986182,22,NULL),(1044,'青城山镇大观片区综合市场',103.575162,30.845634,22,NULL),(1045,'荷花池四季青附一区',104.079248,30.692116,22,NULL),(1046,'马家寺社区综合市场',103.947936,30.637471,22,NULL),(1047,'永安农贸市场(翰林街)',103.989604,30.408099,22,NULL),(1048,'荷花池综合大市场',103.638667,30.986182,22,NULL),(1049,'青城山镇大观片区综合市场',103.575162,30.845634,22,NULL),(1050,'武侯直销鞋城',103.982702,30.599085,22,NULL),(1051,'荷花池四季青附一区',104.079248,30.692116,22,NULL),(1052,'马家寺社区综合市场',103.947936,30.637471,22,NULL),(1053,'斑竹园综合市场',104.065595,30.820295,22,NULL),(1054,'龙桥渭水综合市场',104.036071,30.801436,22,NULL),(1055,'龙潭客家老菜场',104.174381,30.70565,22,NULL),(1056,'彭州白庙水果蔬菜批发市场',103.959423,31.016295,22,NULL),(1057,'恒业国际日用品商城',104.063145,30.707802,23,NULL),(1058,'雨润国际农产品交易中心蔬菜市场',104.108154,30.944623,22,NULL),(1059,'盒马生鲜奥莱(翡翠城店)',104.092767,30.614666,22,NULL),(1060,'三郎镇农贸市场',103.537048,30.780314,22,NULL),(1061,'莲花菜市场(莲桂南路)',104.099226,30.633008,22,NULL),(1062,'成都市双流区白家农产品批发中心',104.019793,30.563955,22,NULL),(1063,'黄忠市场',104.021731,30.685919,22,NULL),(1064,'蓉春源农副产品集散基地',104.171372,30.863732,22,NULL),(1065,'成华区成都理工大学农副产品综合市场',104.147539,30.676758,22,NULL),(1066,'游家渡便民市场',103.831014,30.668394,22,NULL),(1067,'合步二手办公家具城(成都青羊展厅)',104.071027,30.668676,22,NULL),(1068,'段佩玉重庆奇香花生米',104.05646,30.663319,22,NULL),(1069,'5288成都新旧二手市场',104.161636,30.799117,22,NULL),(1070,'青城山镇综合农贸市场',103.597146,30.876801,22,NULL),(1071,'三河菜市场',104.139444,30.776626,22,NULL),(1072,'喜树社区农贸市场',104.145478,30.597408,22,NULL),(1073,'林湾二手家具家电市场',103.997625,30.756774,22,NULL),(1074,'滨河综合市场',104.281739,30.562233,22,NULL),(1075,'新都粮食市场',104.147858,30.827793,22,NULL),(1076,'国家级五块石旧货市场',104.066409,30.70654,22,NULL),(1077,'机场路社区便民市场',103.998869,30.568763,22,NULL),(1078,'红牌楼海鲜农贸市场(红牌楼北街)',104.033949,30.635707,22,NULL),(1079,'八益家具城旧货市场',104.015733,30.614086,22,NULL),(1080,'凯宏夜都啤酒广场',104.067915,30.761343,22,NULL),(1081,'二台子综合市场',104.150274,30.755091,24,NULL),(1082,'电子路市场',104.150616,30.815758,22,NULL),(1083,'盛邦菜市',104.052063,30.55605,22,NULL),(1084,'肖家河综合市场',104.041208,30.630543,22,NULL),(1085,'予乐高桥商贸市场(发展路)',103.656733,31.000632,22,NULL),(1086,'崇州市水果批发市场',103.652055,30.627375,22,NULL),(1087,'崇州市水果批发市场',103.652055,30.627375,22,NULL),(1088,'鞋都·奥特莱斯',103.98093,30.598367,22,NULL),(1089,'成都国际商贸城5区农产品市场',104.08572,30.796616,22,NULL),(1090,'龙泉二手家具家电市场(旧货市场)',104.21768,30.575721,22,NULL),(1091,'丰乐菜市(西安路小区店)',103.90757,30.570237,22,NULL),(1092,'安龙农贸综合市场',103.61766,30.785039,22,NULL),(1093,'建新农贸市场',104.105856,30.6645,22,NULL),(1094,'柑梓树农贸市场',103.862963,30.643931,22,NULL),(1095,'红光八里二手家具家电市场',103.934936,30.778477,22,NULL),(1096,'华阳二手家具家电市场',104.036925,30.524569,22,NULL),(1097,'升平镇农贸市场',104.023775,31.028585,22,NULL),(1098,'大悦城中粮(成都大悦城店)',104.010003,30.627043,23,NULL),(1099,'建设路综合市场',104.272156,30.561813,22,NULL),(1100,'红光二手家具家电市场',103.927244,30.788077,22,NULL),(1101,'华阳大市场水果蔬菜生鲜批发',104.064762,30.491239,22,NULL),(1102,'天府路市场',103.945395,30.977149,22,NULL),(1103,'伏龙社区便民服务点',104.054734,30.5297,22,NULL),(1104,'西部市场',103.918838,30.696127,22,NULL),(1105,'九江二手家具家电市场(旧货市场)',103.926462,30.620747,22,NULL),(1106,'恒山商业广场(商业街店)',103.966323,30.75838,22,NULL),(1107,'东篱农贸市场',104.117042,30.671995,22,NULL),(1108,'中和二手家具家电市场',104.07388,30.511734,22,NULL),(1109,'万家福旧货市场',104.092485,30.574645,22,NULL),(1110,'金粮路便民农贸市场',103.984895,30.730015,22,NULL),(1111,'五块石干杂批发市场(食品城)',104.067564,30.70242,22,NULL),(1112,'犀浦国宁市场',103.968668,30.760058,22,NULL),(1113,'新津拾荒王二手市场',103.800741,30.427393,22,NULL),(1114,'水果地带(华府大道店)',104.052012,30.526144,22,NULL),(1115,'成都龙和国际大市场',104.200943,30.736627,25,NULL),(1116,'兴隆街道生活便民中心',104.109744,30.413772,22,NULL),(1117,'郭记手工海椒面',104.055828,30.663361,22,NULL),(1118,'染房街小商品市场(盐市口广场店)',104.070407,30.654935,22,NULL),(1119,'新繁三桥建材市场',104.0092,30.8676,22,NULL),(1120,'连心农贸市场',103.987812,30.745585,22,NULL),(1121,'5288邛崃新旧二手市场·家电家具·旧货市场',103.482378,30.40058,22,NULL),(1122,'青羊区华严光华综合菜市场',103.950175,30.672575,22,NULL),(1123,'优鲜海鲜大卖场(白家海鲜市场)',104.019951,30.564494,22,NULL),(1124,'新华菜市',104.094944,30.535295,22,NULL),(1125,'烤匠(世豪广场店)',104.045816,30.550167,22,NULL),(1126,'水果地带(银泰城店)',104.059894,30.541899,22,NULL),(1127,'成都农产品中心批发市场海水产交易区',104.020216,30.565014,22,NULL),(1128,'成都市城南二手市场',104.166298,30.671732,22,NULL),(1129,'柳街镇综合市场',103.669743,30.783323,22,NULL),(1130,'海霸王西部食品物流园区干杂区',104.023736,30.747893,22,NULL),(1131,'玉龙蔬菜市场',103.96717,30.748996,22,NULL),(1132,'大观镇综合市场',103.576395,30.84555,22,NULL),(1133,'高堆菜市',104.046656,30.763348,22,NULL),(1134,'凯东农货市场',104.117925,30.642143,22,NULL),(1135,'永康市场',103.829174,30.704019,22,NULL),(1136,'西博苑菜市',104.184029,30.566224,22,NULL),(1137,'迎春菜市(迎春小区店)',103.934416,30.588359,22,NULL),(1138,'合步二手办公家具城(新津总仓展厅)',103.854014,30.441477,22,NULL),(1139,'十陵204菜市场(久贸综合市场店)',104.178179,30.65374,22,NULL),(1140,'康路冻库',103.972386,30.553121,22,NULL),(1141,'公平农贸市场',103.87802,30.69815,22,NULL),(1142,'交桂巷农贸市场',104.047078,30.701,22,NULL),(1143,'大成市场2区',104.079639,30.690864,22,NULL),(1144,'潮音自建房',103.982176,30.640233,22,NULL),(1145,'籍田农贸市场',104.024673,30.304859,22,NULL),(1146,'澳林农贸市场',104.037289,30.688696,22,NULL);
/*!40000 ALTER TABLE `poi` ENABLE KEYS */;
UNLOCK TABLES;

--
-- Table structure for table `route`
--

DROP TABLE IF EXISTS `route`;
/*!40101 SET @saved_cs_client     = @@character_set_client */;
/*!50503 SET character_set_client = utf8mb4 */;
CREATE TABLE `route` (
  `id` bigint unsigned NOT NULL AUTO_INCREMENT COMMENT 'id',
  `begin_poi_id` bigint NOT NULL COMMENT '起点poi的id',
  `end_poi_id` bigint NOT NULL COMMENT '终点poi的id',
  `distance` double DEFAULT NULL COMMENT '距离 单位:km',
  `type` int DEFAULT NULL COMMENT '路线类型 1:公路 2:铁路 3:多试',
  PRIMARY KEY (`id`)
) ENGINE=InnoDB AUTO_INCREMENT=31 DEFAULT CHARSET=utf8mb4 COLLATE=utf8mb4_unicode_ci;
/*!40101 SET character_set_client = @saved_cs_client */;

--
-- Dumping data for table `route`
--

LOCK TABLES `route` WRITE;
/*!40000 ALTER TABLE `route` DISABLE KEYS */;
INSERT INTO `route` VALUES (1,222,565,52.48,3),(2,217,302,71.52,2),(3,1095,445,11.63,3),(4,915,854,11.65,4),(5,289,764,150.54,2),(6,161,580,144.83,3),(7,325,1124,195.88,4),(8,579,849,20.83,1),(9,1062,406,165.38,3),(10,240,1101,146.57,2),(11,754,125,142.73,3),(12,476,563,54.51,3),(13,276,456,40.6,2),(14,714,659,184.83,4),(15,288,955,149.18,3),(16,1123,237,164.12,1),(17,924,1065,73.77,1),(18,321,92,9.29,2),(19,392,836,125.18,3),(20,471,364,86.62,1),(21,575,660,139.92,4),(22,569,613,111.04,3),(23,623,78,96.94,4),(24,426,843,78.42,2),(25,331,121,70.95,3),(26,476,536,171.29,1),(27,751,1145,16.28,4),(28,957,820,188.48,4),(29,1145,194,152.72,3),(30,300,75,61.04,1);
/*!40000 ALTER TABLE `route` ENABLE KEYS */;
UNLOCK TABLES;

--
-- Table structure for table `transport_order`
--

DROP TABLE IF EXISTS `transport_order`;
/*!40101 SET @saved_cs_client     = @@character_set_client */;
/*!50503 SET character_set_client = utf8mb4 */;
CREATE TABLE `transport_order` (
  `id` bigint unsigned NOT NULL AUTO_INCREMENT COMMENT 'id',
  `order_number` varchar(64) CHARACTER SET utf8mb4 COLLATE utf8mb4_unicode_ci DEFAULT NULL COMMENT '订单编号',
  `begin_poi_id` bigint NOT NULL COMMENT '起点poi的id',
  `end_poi_id` bigint NOT NULL COMMENT '终点poi的id',
  `est_begin_time` date DEFAULT NULL COMMENT '预计发车时间',
  `est_end_time` date DEFAULT NULL COMMENT '预计到达时间',
  `act_begin_time` date DEFAULT NULL COMMENT '实际发车时间',
  `act_end_time` date DEFAULT NULL COMMENT '实际到达时间',
  `create_time` datetime DEFAULT NULL COMMENT '订单创建时间',
  `status` int DEFAULT NULL COMMENT '订单状态 1:待接单 2:已接单 3:运输中 4:已送达 5:已取消 6:异常',
  PRIMARY KEY (`id`),
  UNIQUE KEY `order_number` (`order_number`)
) ENGINE=InnoDB AUTO_INCREMENT=50 DEFAULT CHARSET=utf8mb4 COLLATE=utf8mb4_unicode_ci;
/*!40101 SET character_set_client = @saved_cs_client */;

--
-- Dumping data for table `transport_order`
--

LOCK TABLES `transport_order` WRITE;
/*!40000 ALTER TABLE `transport_order` DISABLE KEYS */;
INSERT INTO `transport_order` VALUES (36,'140b52be-f382-4ee1',146,410,NULL,NULL,NULL,NULL,'2025-11-11 17:58:43',1),(37,'41990875-0ca4-4b95',291,1098,NULL,NULL,NULL,NULL,'2025-11-12 15:36:07',1),(38,'28de4fe7-3c79-4c49',254,1057,NULL,NULL,NULL,NULL,'2025-11-12 15:36:47',1),(39,'3390f032-1a72-4610',243,203,NULL,NULL,NULL,NULL,'2025-11-12 15:36:57',1),(40,'15025f98-58e5-4419',860,1057,NULL,NULL,NULL,NULL,'2025-11-12 15:37:17',1),(41,'0d1a7a19-ebc8-4793',207,1115,NULL,NULL,NULL,NULL,'2025-11-12 15:37:57',1),(43,'2dcb01ef-0365-4840',323,323,NULL,NULL,NULL,NULL,'2025-11-12 15:43:45',1),(44,'f075ca56-f740-40c5',920,989,NULL,NULL,NULL,NULL,'2025-11-12 15:45:08',1),(45,'4fa81341-e104-4891',207,371,NULL,NULL,NULL,NULL,'2025-11-12 15:45:18',1),(46,'43375e42-9642-4456',216,1115,NULL,NULL,NULL,NULL,'2025-11-13 09:25:32',1),(47,'609d87d8-0b65-4795',360,469,NULL,NULL,NULL,NULL,'2025-11-13 09:25:42',1),(48,'f5d127c0-3188-4eee',228,218,NULL,NULL,NULL,NULL,'2025-11-13 09:26:42',1),(49,'20e6b85d-c1d8-45a9',235,1057,NULL,NULL,NULL,NULL,'2025-11-13 09:27:12',1);
/*!40000 ALTER TABLE `transport_order` ENABLE KEYS */;
UNLOCK TABLES;

--
-- Table structure for table `vehicle`
--

DROP TABLE IF EXISTS `vehicle`;
/*!40101 SET @saved_cs_client     = @@character_set_client */;
/*!50503 SET character_set_client = utf8mb4 */;
CREATE TABLE `vehicle` (
  `id` bigint unsigned NOT NULL AUTO_INCREMENT COMMENT 'id',
  `license` varchar(32) CHARACTER SET utf8mb4 COLLATE utf8mb4_unicode_ci DEFAULT NULL COMMENT '车牌号',
  `status` int DEFAULT NULL COMMENT '车辆状态 1可用 2运输中 3卸货中 4保养中',
  `lon` double DEFAULT NULL COMMENT '经度',
  `lat` double DEFAULT NULL COMMENT '纬度',
  `speed` double DEFAULT NULL COMMENT '速度 单位：km/h',
  `update_time` datetime NOT NULL COMMENT '更新时间',
  `create_time` datetime DEFAULT NULL COMMENT '车辆创建的时间',
  `category_id` int DEFAULT NULL COMMENT '车辆类型',
  PRIMARY KEY (`id`),
  UNIQUE KEY `license` (`license`)
) ENGINE=InnoDB AUTO_INCREMENT=9 DEFAULT CHARSET=utf8mb4 COLLATE=utf8mb4_unicode_ci;
/*!40101 SET character_set_client = @saved_cs_client */;

--
-- Dumping data for table `vehicle`
--

LOCK TABLES `vehicle` WRITE;
/*!40000 ALTER TABLE `vehicle` DISABLE KEYS */;
INSERT INTO `vehicle` VALUES (1,'京X-MKV93',1,104.0973,30.64666,16.48,'2025-11-11 16:40:15','2025-07-18 16:33:41',1),(2,'川C-S51DA',0,104.152602,30.516924,35.57,'2025-09-29 16:33:41','2024-11-26 16:33:41',2),(3,'粤F-UA1NX',1,104.120086,30.635079,15.41,'2025-09-29 16:33:41','2025-07-14 16:33:41',2),(4,'沪U-BQEZK',1,104.050433,30.516051,55.88,'2025-11-11 17:58:43','2024-12-29 16:33:41',1),(5,'京M-WDLW1',1,103.900278,30.588237,69.38,'2025-11-11 17:58:43','2024-10-10 16:33:41',3),(6,'川D-7Y439',6,104.185476,30.768576,69.65,'2025-09-29 16:33:41','2025-06-23 16:33:41',4),(7,'苏O-H8O06',6,103.853463,30.722745,29.21,'2025-09-29 16:33:41','2025-07-17 16:33:41',5),(8,'粤O-5RVRT',6,104.182419,30.758778,59.32,'2025-09-29 16:33:41','2025-01-04 16:33:41',5);
/*!40000 ALTER TABLE `vehicle` ENABLE KEYS */;
UNLOCK TABLES;
/*!40103 SET TIME_ZONE=@OLD_TIME_ZONE */;

/*!40101 SET SQL_MODE=@OLD_SQL_MODE */;
/*!40014 SET FOREIGN_KEY_CHECKS=@OLD_FOREIGN_KEY_CHECKS */;
/*!40014 SET UNIQUE_CHECKS=@OLD_UNIQUE_CHECKS */;
/*!40101 SET CHARACTER_SET_CLIENT=@OLD_CHARACTER_SET_CLIENT */;
/*!40101 SET CHARACTER_SET_RESULTS=@OLD_CHARACTER_SET_RESULTS */;
/*!40101 SET COLLATION_CONNECTION=@OLD_COLLATION_CONNECTION */;
/*!40111 SET SQL_NOTES=@OLD_SQL_NOTES */;

-- Dump completed on 2025-11-13 10:54:51
